species_label, speciations, duplications, losses, transfers, presence, origination, copies, singletons
2019_bqzb_2_bin.20.purify, 1081, 0.02, 56.2, 31.59, 1081, 0.46, 1081, 1081
2019_zjzb_5_bin.27.purify, 1386, 0.02, 314.57, 77.49, 1386, 0.93, 1386, 1386
2020_CESD_W_2_bin.137.purify, 2078, 0.01, 713.03, 86.79, 2078, 0.96, 2078, 2078
2020_CESD_W_2_bin.155.purify, 1509, 0, 204.65, 51.27, 1509, 1.86, 1509, 1509
2020_CJH_W1_bin.104.purify, 1800, 0, 458.93, 131.87, 1800, 0.64, 1800, 1800
2020_CN_B_W_1_bin.182.purify, 1660, 0.16, 741.45, 197.16, 1660, 0.79, 1660, 1660
2020_CN_B_W_2_bin.211.purify, 1722, 0.11, 965.21, 200.96, 1722, 0.62, 1722, 1722
2020_CN_DB_w_1_bin.76.purify, 1778, 0.12, 964.78, 187.45, 1778, 0.74, 1778, 1778
2020_CN_D_w_1_bin.87.purify, 1625, 0.17, 795.7, 210.04, 1625, 0.73, 1625, 1625
2020_CN_N_W_1_bin.10.purify, 1728, 0.14, 718.16, 205, 1728, 0.69, 1728, 1728
2020_CN_N_W_2_0m_bin.145.purify, 1616, 0.2, 774.27, 228.36, 1616, 0.77, 1616, 1616
2020_CRC_20W_1_0m_1_bin.141.purify, 2320, 0.04, 359.87, 86.86, 2320, 1.43, 2320, 2320
2020_CRC_20W_1_5m_1_bin.1.purify, 2314, 0.01, 352.9, 84.11, 2314, 0.76, 2314, 2314
2020_DQZB_w2_bin.26.purify, 1855, 0, 422.5, 77.94, 1855, 1.02, 1855, 1855
2020_DQZB_w6_bin.142.purify, 1807, 0.04, 459.27, 74.28, 1807, 1.29, 1807, 1807
2020_HH3_W1_bin.44.purify, 1724, 0, 556.05, 85.99, 1724, 1.01, 1724, 1724
2020_HHSD3_W1_bin.46.purify, 1431, 0, 339.07, 66.11, 1431, 1.04, 1431, 1431
2020_JNYC_20W_1_0m_1_bin.3.purify, 2727, 0.05, 380.94, 161.21, 2727, 0.6, 2727, 2727
2020_JNYC_20W_1_100m_1_bin.31.purify, 2613, 0.03, 493.95, 137.65, 2613, 1.11, 2613, 2613
2020_JNYC_20W_1_20m_1_bin.156.purify, 1942, 0.01, 436.17, 99.14, 1942, 1.31, 1942, 1942
2020_JNYC_20W_1_20m_1_bin.170.purify, 2636, 0.04, 530.83, 137.45, 2636, 0.41, 2636, 2636
2020_JNYC_20W_1_40m_1_bin.103.purify, 2619, 0.08, 576.62, 132.73, 2619, 0.94, 2619, 2619
2020_JNYC_20W_1_40m_1_bin.67.purify, 1696, 0.03, 671.55, 107.09, 1696, 1.26, 1696, 1696
2020_JNYC_20W_1_60m_1_bin.131.purify, 2673, 0.07, 423.97, 166.45, 2673, 0.47, 2673, 2673
2020_JNYC_20W_1_60m_1_bin.91.purify, 1999, 0.02, 390.25, 125.16, 1999, 1.69, 1999, 1999
2020_JNYC_20W_1_80m_1_bin.130.purify, 2606, 0.02, 503.59, 141.49, 2606, 0.52, 2606, 2606
2020_JNYC_20W_2_1_bin.98.purify, 2680, 0.06, 525.12, 136.19, 2680, 0.91, 2680, 2680
2020_KMC_20W_1_10m_1_bin.19.purify, 1627, 0.05, 779.91, 223.07, 1627, 0.96, 1627, 1627
2020_SLC_w_7_bin.196.purify, 2045, 0.01, 712.13, 102.27, 2045, 0.98, 2045, 2045
2020_SQ_W_1_bin.87.purify, 1474, 0.09, 235.83, 77.51, 1474, 0.88, 1474, 1474
2020_TLH1_W1_bin.58.purify, 1714, 0, 509.64, 106.12, 1714, 0.61, 1714, 1714
2020_TLSD3_W1_bin.4.purify, 924, 0.01, 174.78, 25.19, 924, 0.41, 924, 924
2020_YBJSD_W_1_bin.84.purify, 1531, 0.11, 582.87, 174.39, 1531, 1.21, 1531, 1531
2020_YBJSD_W_2_bin.50.purify, 1897, 0.05, 329.81, 125.01, 1897, 0.91, 1897, 1897
2020_YZYC_20W_1_10m_1_bin.149.purify, 1687, 0.13, 759.98, 207.46, 1687, 1.16, 1687, 1687
2020_YZYC_20W_1_15m_1_bin.106.purify, 1571, 0.13, 790.14, 189.33, 1571, 0.71, 1571, 1571
2020_YZYC_20W_1_20m_1_bin.94.purify, 1574, 0.13, 862.78, 200.57, 1574, 0.87, 1574, 1574
2020_YZYC_20W_1_25m_1_bin.128.purify, 1576, 0.14, 766.59, 196.35, 1576, 0.51, 1576, 1576
2020_YZYC_20W_1_5m_1_bin.31.purify, 1600, 0.15, 1022.37, 196.25, 1600, 0.83, 1600, 1600
2020_ZJZBSD_01_1_bin.11.purify, 1640, 0.02, 100.3, 36.81, 1640, 0.41, 1640, 1640
2020_ZJZBSD_04_1_bin.130.purify, 2450, 0.02, 79.51, 38.63, 2450, 0.43, 2450, 2450
2020_ZJZBSD_04_3_bin.62.purify, 2228, 0.04, 308.69, 40.52, 2228, 0.46, 2228, 2228
2021_BC_W20_bin.72.purify, 1327, 0, 314.07, 58.5, 1327, 0.9, 1327, 1327
2021_BQZBSD_W1+_bin.51.purify, 1553, 0, 183.78, 32.87, 1553, 0.4, 1553, 1553
2021_CBL_W2_bin.78.purify, 1537, 0, 159.87, 48.18, 1537, 1.88, 1537, 1537
2021_CBL_W3_bin.9.purify, 1440, 0.03, 241.82, 42.85, 1440, 0.75, 1440, 1440
2021_CMY_W3_bin.57.purify, 1736, 0.01, 509.18, 113.74, 1736, 1.1, 1736, 1736
2021_SD_W41_bin.130.purify, 1393, 0.02, 427.84, 63.91, 1393, 0.93, 1393, 1393
2021_SD_W41_bin.52.purify, 1119, 0.09, 594.28, 107.63, 1119, 0.94, 1119, 1119
2021_SD_W42_bin.54.purify, 1537, 0, 271.91, 39.03, 1537, 0.51, 1537, 1537
2021_SD_W43_bin.42.purify, 1485, 0.02, 321.23, 40.91, 1485, 0.75, 1485, 1485
2021_SD_W62_bin.48.purify, 1523, 0, 168.72, 46.63, 1523, 0.67, 1523, 1523
2021_SD_W63_bin.39.purify, 1330, 0.02, 678.51, 90.62, 1330, 1.6, 1330, 1330
2021_SD_W73_bin.75.purify, 1471, 0.07, 240.72, 72.07, 1471, 0.74, 1471, 1471
2021_SLHSD_W2_bin.84.purify, 1364, 0.02, 313.53, 81.04, 1364, 1, 1364, 1364
2021_SLHSD_W5_bin.73.purify, 1913, 0.02, 849.27, 93.59, 1913, 0.8, 1913, 1913
2021_TMRSD_W4_bin.73.purify, 2133, 0.03, 808.67, 174.9, 2133, 0.71, 2133, 2133
2021_ZJZBSD_W51_bin.95.purify, 1777, 0.03, 645.22, 106.29, 1777, 0.82, 1777, 1777
2021_ZJZB_W23_bin.48.purify, 1515, 0.21, 724.41, 240.1, 1515, 1.39, 1515, 1515
2021_ZJZB_W3_bin.50.purify, 1663, 0.05, 381.75, 99.36, 1663, 1.28, 1663, 1663
2021_ZJZB_W4_bin.54.purify, 1833, 0.04, 449.45, 95.38, 1833, 1.2, 1833, 1833
GFS_10061, 1725, 0.03, 151.62, 55.82, 1725, 0.78, 1725, 1725
GFS_6717, 1402, 0.1, 803.53, 130.77, 1402, 1.69, 1402, 1402
GFS_8810, 1382, 0.04, 541.89, 96.25, 1382, 4.52, 1382, 1382
GFS_9371, 921, 0.15, 702.03, 157.9, 921, 1.05, 921, 921
GL115_UP_metabinner_4, 1801, 0.09, 563.4, 243.18, 1801, 1.24, 1801, 1801
GL124_DN_metabat_88_sub, 1528, 0.08, 684.35, 237.3, 1528, 1.79, 1528, 1528
GL51_DN_concoct_96, 1317, 0, 311.19, 76.13, 1317, 1.1, 1317, 1317
GL53_Down_metabinner_31_sub, 1620, 0, 325.7, 57.2, 1620, 0.79, 1620, 1620
GL53_Up_metabat_123_sub, 1011, 0.03, 498.4, 46.96, 1011, 1.01, 1011, 1011
GL54_UP_metabat_59, 1554, 0.09, 616.45, 197.68, 1554, 2.2, 1554, 1554
GL72_UP_metabinner_127_sub, 1449, 0.31, 782.08, 380.69, 1449, 4, 1449, 1449
GL74_DN_metabinner_58, 1474, 0.04, 693.61, 135.72, 1474, 1.28, 1474, 1474
GL93_UP_metabat_6_sub, 2140, 0.13, 881.56, 444.91, 2140, 2.33, 2140, 2140
GL95_UP_metabat_47, 1631, 0.3, 1118.43, 371.61, 1631, 1.97, 1631, 1631
GL99_UP_metabinner_20, 1729, 0.41, 846.81, 431.98, 1729, 1.66, 1729, 1729
GLR56_GL46_UP_1_metabat_13, 1649, 0, 269.6, 55.18, 1649, 0.8, 1649, 1649
GLR68_GL53_UP_2_metabat_54, 2396, 0.19, 620.21, 315.62, 2396, 0.82, 2396, 2396
ISO_B136_3, 3134, 0.03, 96.23, 109.99, 3134, 0.18, 3134, 3134
ISO_B141_3, 3213, 0.08, 813.14, 350.08, 3213, 0.99, 3213, 3213
ISO_B147_2, 3159, 0.04, 128.08, 122.24, 3159, 0.19, 3159, 3159
ISO_B224_1, 3173, 0.12, 978.29, 426.75, 3173, 0.24, 3173, 3173
ISO_B231_2, 3180, 0.02, 69.35, 120.37, 3180, 0.39, 3180, 3180
ISO_B231_3, 3170, 0.17, 643.39, 466.83, 3170, 0.57, 3170, 3170
ISO_B412_3, 3110, 0.02, 394.22, 205.11, 3110, 0.29, 3110, 3110
ISO_B44, 3162, 0.26, 795.06, 393.85, 3162, 0.77, 3162, 3162
ISO_B443_1, 3093, 0.01, 486.26, 212.58, 3093, 0.71, 3093, 3093
ISO_B468_1, 3160, 0.06, 145.84, 125.37, 3160, 0.36, 3160, 3160
ISO_B485_1.001, 3163, 0, 70.36, 70.84, 3163, 0.61, 3163, 3163
ISO_B485_2, 3199, 0, 35.44, 63.28, 3199, 0.34, 3199, 3199
ISO_B505_3, 2684, 0, 223.51, 159.19, 2684, 1.01, 2684, 2684
ISO_B518_3, 2705, 0.05, 306.97, 267.63, 2705, 0.55, 2705, 2705
ISO_B68_3, 3080, 0.02, 544.1, 294.39, 3080, 0.72, 3080, 3080
ISO_B98_3, 3071, 0.03, 562.41, 272.31, 3071, 0.3, 3071, 3071
ISO_DSP2_3_2.001, 2804, 0.15, 925.74, 432.13, 2804, 1.13, 2804, 2804
ISO_N1991_1_4, 3199, 0, 54.88, 63.01, 3199, 0.17, 3199, 3199
ISO_N1994_1_3, 3200, 0, 55.78, 63.94, 3200, 0.21, 3200, 3200
ISO_N1998_1_3, 3087, 0.02, 487.62, 189.99, 3087, 0.69, 3087, 3087
ISO_N1999_1_3, 2698, 0.01, 311.06, 208.06, 2698, 0.89, 2698, 2698
ISO_N1999_2_4, 2641, 0, 258.01, 171.68, 2641, 0.51, 2641, 2641
MAG_1811AZI1_metabat2_bin.43, 2027, 0.05, 257.18, 133.82, 2027, 1.51, 2027, 2027
MAG_1811AZI1_metabat2_bin.86, 1345, 0.04, 364.73, 160.97, 1345, 1.47, 1345, 1345
MAG_1811ZXGI1_metabat2_bin.10, 1240, 0.14, 416.57, 119.69, 1240, 1.66, 1240, 1240
MAG_190624KS2_metabat2_bin.31, 1213, 0.26, 592.98, 309.4, 1213, 3.94, 1213, 1213
MAG_190624KS2_metabat2_bin.60, 1331, 0.11, 517.9, 156.84, 1331, 1.36, 1331, 1331
MAG_1906TGLS_vamb_S1C9042, 1757, 0, 199.43, 53.63, 1757, 0.72, 1757, 1757
MAG_1907QMI2_metabat2_bin.27, 2111, 0.33, 1003.33, 357.74, 2111, 1.53, 2111, 2111
MAG_1907QMS_metabat2_bin.29, 1972, 0.1, 383.73, 208.5, 1972, 2.48, 1972, 1972
MAG_1908TGLS3_metabat2_bin.36, 1431, 0.53, 511.97, 396.94, 1431, 4.05, 1431, 1431
MAG_KQGRSC.20.08_vamb_bins_S1C4378, 1840, 0.02, 284.68, 124.97, 1840, 0.88, 1840, 1840
MAG_RWS.20.06_metabat2_bin.39, 1159, 0.37, 977.27, 398.96, 1159, 1.04, 1159, 1159
Node_2019_bqzb_2_bin.20.purify_2020_TLSD3_W1_bin.4.purify_0, 1079.24, 0.56, 891.03, 186.95, 1074.68, 1.82, 1079.24, 894.53
Node_2020_CESD_W_2_bin.155.purify_2020_HHSD3_W1_bin.46.purify_0, 2067.28, 136.3, 41.32, 227.12, 1834.41, 147.73, 2067.28, 1803.82
Node_2020_CESD_W_2_bin.155.purify_2020_SQ_W_1_bin.87.purify_0, 1963.36, 16.68, 287.11, 135.45, 1746.76, 7.99, 1963.36, 1850.2
Node_2020_CESD_W_2_bin.155.purify_2021_BC_W20_bin.72.purify_0, 1495.44, 9.47, 79.65, 189.01, 1435.29, 134.41, 1495.44, 1343.41
Node_2020_CESD_W_2_bin.155.purify_2021_SD_W62_bin.48.purify_0, 1632.58, 1.04, 454.43, 201.61, 1618.93, 1.97, 1632.58, 1484.93
Node_2020_CESD_W_2_bin.155.purify_2021_SLHSD_W5_bin.73.purify_0, 1289.18, 0.82, 176.56, 170.61, 1240.04, 62.47, 1289.18, 1173.82
Node_2020_CESD_W_2_bin.155.purify_2021_ZJZB_W23_bin.48.purify_0, 1886.44, 2.27, 384.92, 168.5, 1681.81, 2.89, 1886.44, 1796.4
Node_2020_CESD_W_2_bin.155.purify_Polaromonas_sp._EUL_161_GCA_040400945.1_0, 2065.46, 16.75, 306.35, 154.12, 1780.19, 4.61, 2065.46, 1942.29
Node_2020_CESD_W_2_bin.155.purify_Polaromonas_sp._EUL_162_GCA_040400935.1_0, 1211.27, 17.84, 204.5, 289.92, 1168.31, 190.81, 1211.27, 940.26
Node_2020_CESD_W_2_bin.155.purify_river_metabat_ad.2212_0, 1706.13, 42.89, 327.25, 421.7, 1632.57, 340.2, 1706.13, 1562.41
Node_2020_CJH_W1_bin.104.purify_2020_HH3_W1_bin.44.purify_0, 2071.21, 98.18, 595.42, 299.24, 1948.44, 10.68, 2071.21, 1841.97
Node_2020_CJH_W1_bin.104.purify_MAG_KQGRSC.20.08_vamb_bins_S1C4378_0, 2226.84, 18.33, 221.13, 357.96, 2127.53, 79.57, 2226.84, 1970.19
Node_2020_CJH_W1_bin.104.purify_Polaromonas_sp._CAN_BIN17_GCA_026786065.1_0, 2023.5, 13.96, 258.89, 357.5, 1879.72, 64.53, 2023.5, 1795.28
Node_2020_CJH_W1_bin.104.purify_Polaromonas_sp._OTE_14_metabat.17_GCA_031365885.1_0, 2404.67, 64.01, 142.95, 284.2, 2265.85, 76.34, 2404.67, 2213.7
Node_2020_CJH_W1_bin.104.purify_Polaromonas_sp._OTE_51_metabat_360_GCA_031370115.1_0, 1881.23, 23.19, 423.78, 394.34, 1724.26, 59.81, 1881.23, 1667.05
Node_2020_CJH_W1_bin.104.purify_Polaromonas_sp._SOY_38_metabat_66_GCA_031396485.1_0, 2358.11, 3.78, 213.85, 150.45, 2222.93, 5.39, 2358.11, 2282.35
Node_2020_CN_B_W_1_bin.182.purify_2020_CN_DB_w_1_bin.76.purify_0, 2509.66, 8.61, 413.09, 133.11, 1901.98, 1.04, 2509.66, 2405.59
Node_2020_CN_N_W_2_0m_bin.145.purify_2020_CN_B_W_1_bin.182.purify_0, 2199.2, 1.4, 486.1, 177.51, 1789.15, 0.87, 2199.2, 2151.56
Node_2020_CN_N_W_2_0m_bin.145.purify_2020_CN_B_W_2_bin.211.purify_0, 2732.47, 100.61, 219.25, 157.47, 1995.09, 10.76, 2732.47, 2379.28
Node_2020_CN_N_W_2_0m_bin.145.purify_2020_CN_D_w_1_bin.87.purify_0, 2222.02, 1.43, 524.82, 184.14, 1792.28, 1.04, 2222.02, 2166.89
Node_2020_CN_N_W_2_0m_bin.145.purify_2020_CN_N_W_1_bin.10.purify_0, 2548.76, 13.57, 389.65, 121.73, 1927.16, 1.29, 2548.76, 2438.94
Node_2020_CN_N_W_2_0m_bin.145.purify_2020_KMC_20W_1_10m_1_bin.19.purify_0, 2168.99, 132.19, 417.97, 367.54, 1959.22, 48.36, 2168.99, 1978.62
Node_2020_CN_N_W_2_0m_bin.145.purify_2020_YZYC_20W_1_25m_1_bin.128.purify_0, 2572.53, 295.48, 59.81, 323.93, 2013.73, 28.06, 2572.53, 2062.45
Node_2020_CN_N_W_2_0m_bin.145.purify_Polaromonas_sp._ME2015_05_09_3300035438_group6_bin58_GCA_044357185.1_0, 2252.37, 105.28, 55.19, 169.94, 2034.16, 80.36, 2252.37, 2100.22
Node_2020_CN_N_W_2_0m_bin.145.purify_Polaromonas_sp._YR568_GCA_945871335.1_0, 2039.61, 62.47, 171.87, 206.34, 1935.64, 147.44, 2039.61, 1943.57
Node_2020_CRC_20W_1_5m_1_bin.1.purify_2020_CRC_20W_1_0m_1_bin.141.purify_0, 2579.32, 0.67, 243.51, 122.15, 2522.19, 1.75, 2579.32, 2483.11
Node_2020_CRC_20W_1_5m_1_bin.1.purify_2020_SLC_w_7_bin.196.purify_0, 2667.18, 38.24, 498.16, 178.42, 2580.34, 10.2, 2667.18, 2514.69
Node_2020_DQZB_w6_bin.142.purify_2020_DQZB_w2_bin.26.purify_0, 2154.3, 0.74, 279.56, 99.53, 2055.27, 1.61, 2154.3, 2057.01
Node_2020_DQZB_w6_bin.142.purify_2021_ZJZBSD_W51_bin.95.purify_0, 2264.26, 53.25, 472.32, 174.86, 2116.81, 5.3, 2264.26, 2078.64
Node_2020_DQZB_w6_bin.142.purify_GFS_8810_0, 2223.88, 11.8, 292.96, 326.27, 2045.63, 25.69, 2223.88, 2012.66
Node_2020_DQZB_w6_bin.142.purify_GL115_UP_metabinner_4_0, 2518.92, 14.08, 383.07, 262.73, 2228.35, 14.95, 2518.92, 2377.28
Node_2020_DQZB_w6_bin.142.purify_GL53_Down_metabinner_31_sub_0, 2168.78, 55.95, 169.8, 415.04, 2022.01, 244.31, 2168.78, 1961.23
Node_2020_DQZB_w6_bin.142.purify_GL54_UP_metabat_59_0, 2149.02, 26.33, 337.03, 351.69, 1968.11, 79.09, 2149.02, 1988.24
Node_2020_DQZB_w6_bin.142.purify_GL99_UP_metabinner_20_0, 2650.33, 48.8, 304.39, 245.32, 2309.1, 45.62, 2650.33, 2422.27
Node_2020_DQZB_w6_bin.142.purify_MAG_RWS.20.06_metabat2_bin.39_0, 1810.03, 22.29, 636.25, 452.19, 1705.02, 90.87, 1810.03, 1701.69
Node_2020_DQZB_w6_bin.142.purify_Polaromonas_sp._341R_metabinner_59_sub_GCA_025359325.1_0, 2609.8, 118.14, 142.73, 346.29, 2334.49, 230.39, 2609.8, 2301.55
Node_2020_DQZB_w6_bin.142.purify_Polaromonas_sp._ME2018_11_08GD_3300042901_group8_bin35_GCA_044378095.1_0, 2465.94, 30.84, 121.64, 170.39, 2249.33, 5.88, 2465.94, 2298.71
Node_2020_DQZB_w6_bin.142.purify_Polaromonas_sp._OTE_70_metabat_118_sub_GCA_031375685.1_0, 2328.39, 92.89, 581.59, 503.72, 2158.3, 40.72, 2328.39, 2045.93
Node_2020_DQZB_w6_bin.142.purify_Polaromonas_sp._VAR_34_metabat_99_GCA_031414215.1_0, 2431.01, 6.77, 446.51, 264.25, 2140.22, 3.03, 2431.01, 2323.79
Node_2020_DQZB_w6_bin.142.purify_Polaromonas_sp._VAR_35_metabat_389_GCA_031417995.1_0, 2607.23, 16.47, 480, 320.23, 2326.07, 33.82, 2607.23, 2429.17
Node_2020_DQZB_w6_bin.142.purify_Polaromonas_sp._VAR_61_metabat_80_GCA_031424935.1_0, 2661.22, 60.64, 389.08, 259.18, 2294.37, 67.58, 2661.22, 2367.74
Node_2020_HH3_W1_bin.44.purify_2020_TLH1_W1_bin.58.purify_0, 2178.09, 56.94, 57.39, 79.76, 1974.16, 2.89, 2178.09, 2065.81
Node_2020_HHSD3_W1_bin.46.purify_2021_BQZBSD_W1+_bin.51.purify_0, 1696, 14.75, 345.31, 224.09, 1663.15, 2.37, 1696, 1558.04
Node_2020_HHSD3_W1_bin.46.purify_2021_CBL_W2_bin.78.purify_0, 2181.16, 44.41, 140.79, 121.05, 1843.19, 14.49, 2181.16, 1980.21
Node_2020_HHSD3_W1_bin.46.purify_2021_SD_W73_bin.75.purify_0, 1856.53, 5.87, 293.03, 154.11, 1712.42, 2.3, 1856.53, 1731.34
Node_2020_JNYC_20W_1_0m_1_bin.3.purify_2020_JNYC_20W_2_1_bin.98.purify_0, 3075.48, 22.67, 83.8, 80.61, 2827.24, 1.96, 3075.48, 2949.72
Node_2020_JNYC_20W_1_100m_1_bin.31.purify_2020_JNYC_20W_1_80m_1_bin.130.purify_0, 2948.05, 0.52, 241.97, 98.35, 2743.04, 0.89, 2948.05, 2911.47
Node_2020_JNYC_20W_1_20m_1_bin.156.purify_2020_JNYC_20W_1_40m_1_bin.67.purify_0, 2252.12, 0.66, 92.02, 75.32, 2120.79, 2.39, 2252.12, 2187.12
Node_2020_JNYC_20W_1_20m_1_bin.156.purify_2020_JNYC_20W_1_60m_1_bin.91.purify_0, 2214.09, 77.4, 369.81, 220.12, 2093.26, 6.55, 2214.09, 2040.19
Node_2020_JNYC_20W_1_20m_1_bin.156.purify_Polaromonas_sp._ME2016_05_06_3300042878_group7_bin259_GCA_044354315.1_0, 2145.84, 9.42, 588.73, 319.31, 2110.71, 11.59, 2145.84, 1996.4
Node_2020_JNYC_20W_1_20m_1_bin.156.purify_Polaromonas_sp._YR568_GCA_945860515.1_0, 2335.79, 96.48, 138.75, 325.76, 2198.57, 45.24, 2335.79, 2101.3
Node_2020_JNYC_20W_1_60m_1_bin.131.purify_2020_JNYC_20W_1_0m_1_bin.3.purify_0, 3078.82, 11.02, 117.37, 90.98, 2819.82, 0.71, 3078.82, 3002.59
Node_2020_JNYC_20W_1_60m_1_bin.131.purify_2020_JNYC_20W_1_100m_1_bin.31.purify_0, 2987.62, 143.75, 315.81, 415.2, 2811.62, 59.95, 2987.62, 2544.18
Node_2020_JNYC_20W_1_60m_1_bin.131.purify_2020_JNYC_20W_1_20m_1_bin.170.purify_0, 3038.85, 8.64, 106.79, 82.79, 2810.41, 0.71, 3038.85, 2932.63
Node_2020_JNYC_20W_1_60m_1_bin.131.purify_2020_JNYC_20W_1_40m_1_bin.103.purify_0, 2960.36, 0.51, 199.04, 110.96, 2775.34, 0.85, 2960.36, 2900.71
Node_2020_SQ_W_1_bin.87.purify_2021_SLHSD_W2_bin.84.purify_0, 1582.66, 1.14, 605.51, 278.41, 1546.15, 2.21, 1582.66, 1433.67
Node_2020_TLH1_W1_bin.58.purify_2021_CMY_W3_bin.57.purify_0, 2103.87, 0.62, 178.76, 53.22, 1916.18, 1.54, 2103.87, 2074.74
Node_2020_YZYC_20W_1_15m_1_bin.106.purify_2020_YZYC_20W_1_5m_1_bin.31.purify_0, 2164.58, 1.22, 448, 164.15, 1762.35, 1.01, 2164.58, 2117.97
Node_2020_YZYC_20W_1_25m_1_bin.128.purify_2020_YZYC_20W_1_10m_1_bin.149.purify_0, 2231.75, 0.86, 531.86, 148.31, 1812.21, 1.42, 2231.75, 2189.41
Node_2020_YZYC_20W_1_25m_1_bin.128.purify_2020_YZYC_20W_1_15m_1_bin.106.purify_0, 2596.38, 84.27, 344.71, 163.54, 1917.94, 2.65, 2596.38, 2267.1
Node_2020_YZYC_20W_1_25m_1_bin.128.purify_2020_YZYC_20W_1_20m_1_bin.94.purify_0, 2439.59, 21.08, 361.4, 142.07, 1838.24, 1.19, 2439.59, 2329.95
Node_2020_ZJZBSD_04_3_bin.62.purify_2020_CESD_W_2_bin.137.purify_0, 2687.42, 3.61, 52.76, 65.33, 2543.25, 1.37, 2687.42, 2636.85
Node_2020_ZJZBSD_04_3_bin.62.purify_2020_ZJZBSD_04_1_bin.130.purify_0, 2497.15, 0.42, 259.67, 78.7, 2485.42, 0.66, 2497.15, 2450.02
Node_2021_BC_W20_bin.72.purify_2021_SD_W41_bin.130.purify_0, 1656.34, 4.66, 222.07, 192.35, 1608.77, 139.03, 1656.34, 1492.44
Node_2021_BC_W20_bin.72.purify_2021_SD_W41_bin.52.purify_0, 1730.97, 38.89, 46.88, 120.54, 1595.08, 13.56, 1730.97, 1624.91
Node_2021_BC_W20_bin.72.purify_Polaromonas_sp._EUL_168_GCA_040400815.1_0, 1613.29, 56.27, 338.23, 312.52, 1527.66, 41.95, 1613.29, 1441.49
Node_2021_BC_W20_bin.72.purify_Polaromonas_sp._bin.87_GCA_013205645.1_0, 1564.86, 24.33, 308.56, 143.34, 1512.14, 5.3, 1564.86, 1484.58
Node_2021_BC_W20_bin.72.purify_ice_MAG_25_0, 1571.76, 0.47, 92.85, 78.69, 1528.49, 2.29, 1571.76, 1515.08
Node_2021_BQZBSD_W1+_bin.51.purify_2020_ZJZBSD_01_1_bin.11.purify_0, 1702.81, 0.46, 78.35, 74.49, 1677.9, 1.33, 1702.81, 1644.57
Node_2021_CBL_W2_bin.78.purify_2020_YBJSD_W_1_bin.84.purify_0, 1918.22, 1.68, 455.75, 190.47, 1717.21, 2.06, 1918.22, 1817.37
Node_2021_CBL_W2_bin.78.purify_2021_CBL_W3_bin.9.purify_0, 1636.54, 1.15, 478.39, 216.58, 1622.98, 2.66, 1636.54, 1487.9
Node_2021_SD_W41_bin.130.purify_2020_CN_N_W_2_0m_bin.145.purify_0, 1915.85, 25.92, 198.2, 220.71, 1871.03, 265.66, 1915.85, 1768.85
Node_2021_SD_W41_bin.130.purify_2021_SD_W42_bin.54.purify_0, 1748.9, 0.88, 57.29, 34.05, 1647.33, 0.9, 1748.9, 1725.64
Node_2021_SD_W41_bin.130.purify_2021_SD_W43_bin.42.purify_0, 1742.54, 71.39, 294.02, 119.09, 1656.33, 3.04, 1742.54, 1632.43
Node_2021_SD_W41_bin.130.purify_2021_SD_W63_bin.39.purify_0, 1884.66, 7.48, 158.88, 68.15, 1772.04, 2.71, 1884.66, 1857.35
Node_2021_SD_W41_bin.130.purify_Polaromonas_sp._ME2014_05_28_3300035212_group5_bin114_GCA_044362035.1_0, 1959.27, 70.24, 149.06, 151.09, 1856.15, 9.24, 1959.27, 1822.07
Node_2021_SD_W41_bin.52.purify_Polaromonas_sp._E10_concoct.bin.55_GCA_030654695.1_0, 1572.6, 0.28, 268.52, 69.29, 1480.62, 2.12, 1572.6, 1532.85
Node_2021_SD_W73_bin.75.purify_2019_zjzb_5_bin.27.purify_0, 1624.26, 0.82, 409.47, 204.96, 1596.85, 1.32, 1624.26, 1501.05
Node_2021_SLHSD_W5_bin.73.purify_2020_JNYC_20W_1_60m_1_bin.131.purify_0, 2846.28, 12.65, 151.99, 140.57, 2760.42, 34.82, 2846.28, 2685.1
Node_2021_SLHSD_W5_bin.73.purify_2020_ZJZBSD_04_3_bin.62.purify_0, 2651.72, 111.8, 470.16, 193.93, 2517.27, 30.96, 2651.72, 2446.76
Node_2021_SLHSD_W5_bin.73.purify_2021_TMRSD_W4_bin.73.purify_0, 2746.53, 64.41, 107.62, 238.85, 2660.26, 1293.6, 2746.53, 2540.63
Node_2021_SLHSD_W5_bin.73.purify_Polaromonas_sp._ME2016_07_29_3300044622_group7_bin1_GCA_044352025.1_0, 1338, 6.84, 438.02, 237.2, 1305.2, 282.6, 1338, 1199.85
Node_2021_TMRSD_W4_bin.73.purify_2020_CRC_20W_1_5m_1_bin.1.purify_0, 2933.37, 31.85, 79.07, 102.95, 2808.38, 81.19, 2933.37, 2786.99
Node_2021_TMRSD_W4_bin.73.purify_Polaromonas_sp._ME_04may21_LR_166_GCA_964203505.1_0, 2782.21, 15.8, 278.79, 150.18, 2692.74, 10.2, 2782.21, 2707.63
Node_2021_ZJZB_W3_bin.50.purify_2020_CJH_W1_bin.104.purify_0, 1819.04, 24.29, 129.92, 286.61, 1687.27, 158.11, 1819.04, 1545.16
Node_2021_ZJZB_W3_bin.50.purify_2020_DQZB_w6_bin.142.purify_0, 1644.9, 30.85, 194.44, 314.13, 1524.08, 98.91, 1644.9, 1421.41
Node_2021_ZJZB_W3_bin.50.purify_2021_ZJZB_W4_bin.54.purify_0, 2724.86, 29.33, 283.24, 299.59, 2487.05, 70.11, 2724.86, 2492.71
Node_2021_ZJZB_W3_bin.50.purify_GL53_Up_metabat_123_sub_0, 320.15, 5.47, 0.23, 39.27, 314.74, 314.91, 320.15, 312.72
Node_2021_ZJZB_W3_bin.50.purify_GL72_UP_metabinner_127_sub_0, 2168.28, 41.76, 253.6, 299.4, 1938.22, 57.87, 2168.28, 1953.42
Node_2021_ZJZB_W3_bin.50.purify_GL95_UP_metabat_47_0, 2365.34, 28.28, 200.68, 291.59, 2195.4, 113.03, 2365.34, 2229.7
Node_2021_ZJZB_W3_bin.50.purify_ISO_B136_3_0, 2731.17, 39.65, 372.08, 401.57, 2531.64, 79.32, 2731.17, 2506.76
Node_2021_ZJZB_W3_bin.50.purify_MAG_190624KS2_metabat2_bin.31_0, 1199.44, 0.82, 547.52, 243.34, 1080.46, 4.79, 1199.44, 1109.98
Node_2021_ZJZB_W3_bin.50.purify_MAG_1906TGLS_vamb_S1C9042_0, 1265.35, 0.7, 455.67, 255.86, 1141.73, 8.07, 1265.35, 1131.71
Node_2021_ZJZB_W3_bin.50.purify_Polaromonas_hydrogenivorans_DSM_17735_GCA_040105105.1_0, 2720.23, 16.15, 347.9, 348.55, 2544.71, 63.21, 2720.23, 2523.18
Node_2021_ZJZB_W3_bin.50.purify_Polaromonas_jejuensis_NBRC_106434_ena_yuan_GCF_001598235.1_GCA_963869285.1_0, 2740.53, 43.43, 412.93, 449.26, 2461.08, 108.3, 2740.53, 2515.72
Node_2021_ZJZB_W3_bin.50.purify_Polaromonas_sp._338R_metabinner_90_sub_GCA_025362825.1_0, 2077.11, 43.91, 143.97, 298.24, 1870.18, 149.66, 2077.11, 1765.25
Node_2021_ZJZB_W3_bin.50.purify_Polaromonas_sp._A23_GCA_002001015.1_0, 2114.44, 28.34, 227.86, 353.6, 1938.83, 189.22, 2114.44, 1943.9
Node_2021_ZJZB_W3_bin.50.purify_Polaromonas_sp._C1_concoct.bin.30_sub_GCA_030682935.1_0, 2360.96, 0.54, 626.12, 428.56, 2173.61, 4.79, 2360.96, 2221.72
Node_2021_ZJZB_W3_bin.50.purify_Polaromonas_sp._LF_bin_444_GCA_014376885.1_0, 2093.34, 22.9, 294.2, 193.47, 1984.28, 4.14, 2093.34, 1962.11
Node_2021_ZJZB_W3_bin.50.purify_Polaromonas_sp._LacPavin_0920_WC12_MAG_62_10_GCA_026400075.1_0, 2180.73, 19.46, 443.69, 312.21, 2020.75, 62.58, 2180.73, 2069.05
Node_2021_ZJZB_W3_bin.50.purify_Polaromonas_sp._P1_28__8_GCA_024703835.1_0, 2755.79, 50.68, 233.83, 408.01, 2488.93, 136.73, 2755.79, 2484.59
Node_2021_ZJZB_W3_bin.50.purify_Polaromonas_sp._RGN.2_GCA_012927415.1_0, 2331.32, 21.54, 707.97, 435.03, 2170.47, 69.98, 2331.32, 2128.58
Node_2021_ZJZB_W3_bin.50.purify_Polaromonas_sp._RYN_542_GCA_028292745.1_0, 2612.31, 77.14, 236.35, 348.77, 2393.81, 155.94, 2612.31, 2346.7
Node_2021_ZJZB_W3_bin.50.purify_Polaromonas_sp._VAR_34_metabat_240_GCA_031409395.1_0, 2499.99, 37.24, 200.56, 397.15, 2283.79, 189.74, 2499.99, 2207.7
Node_2021_ZJZB_W3_bin.50.purify_Polaromonas_vacuolata_KCTC_22033_GCA_012584515.1_0, 825.61, 9.25, 15.62, 138.1, 806.43, 280.76, 825.61, 673.78
Node_2021_ZJZB_W3_bin.50.purify_ice_MAG_1_0, 2145.17, 17.59, 931.86, 435.02, 2049.22, 8.75, 2145.17, 1908.31
Node_2021_ZJZB_W3_bin.50.purify_ice_MAG_28_0, 1919.61, 9.44, 504.11, 279.52, 1669.49, 12.5, 1919.61, 1764.27
Node_2021_ZJZB_W3_bin.50.purify_ice_MAG_30_0, 1500.42, 3.33, 642.71, 298.97, 1336.78, 8.02, 1500.42, 1404.89
Node_2021_ZJZB_W3_bin.50.purify_ice_MAG_51_0, 1909.82, 0.77, 364.23, 141.27, 1841.88, 2.68, 1909.82, 1826.41
Node_2021_ZJZB_W4_bin.54.purify_ISO_B505_3_0, 2600.62, 24.55, 344.3, 263.89, 2343.32, 23.25, 2600.62, 2388.75
Node_2021_ZJZB_W4_bin.54.purify_Polaromonas_sp._cluster1_bin.8_GCA_039925285.1_0, 2218.12, 0.9, 708.95, 305.22, 2018.96, 7.67, 2218.12, 2128.74
Node_2021_ZJZB_W4_bin.54.purify_ice_MAG_29_0, 2175.55, 1.02, 538.7, 401.41, 2158.09, 6.77, 2175.55, 1822
Node_GFS_8810_2019_bqzb_2_bin.20.purify_0, 2102.87, 31.37, 451, 354.24, 1986.96, 16.83, 2102.87, 1881.35
Node_GFS_8810_MAG_1907QMS_metabat2_bin.29_0, 1733.08, 1.28, 550.57, 165.15, 1629.4, 5.45, 1733.08, 1649.96
Node_GFS_8810_river_metabat_ad.3037_0, 1708.69, 0.61, 322.52, 180.52, 1689.86, 5.17, 1708.69, 1532.86
Node_GL115_UP_metabinner_4_MAG_1811AZI1_metabat2_bin.43_0, 2139.86, 7.03, 658.24, 358.54, 2024.44, 4.49, 2139.86, 1960.41
Node_GL53_Down_metabinner_31_sub_GLR56_GL46_UP_1_metabat_13_0, 1843.27, 0.25, 79.87, 53.5, 1785.9, 1.41, 1843.27, 1807.89
Node_GL53_Down_metabinner_31_sub_Polaromonas_sp._OTE_78_metabat_150_GCA_031386895.1_0, 1849.01, 34.81, 324.02, 228.79, 1790.09, 6.21, 1849.01, 1702.37
Node_GL53_Down_metabinner_31_sub_Polaromonas_sp._VAR_35_metabat_51_GCA_031417695.1_0, 1903.97, 13.88, 675.71, 420.85, 1792.57, 24.71, 1903.97, 1650.87
Node_GL53_Down_metabinner_31_sub_Polaromonas_sp._VAR_48_metabat_346_GCA_031422575.1_0, 1985.5, 42.92, 227.98, 298.71, 1858.02, 16.16, 1985.5, 1757.69
Node_GL53_Up_metabat_123_sub_GFS_9371_0, 1467.7, 10.38, 101.84, 138.21, 1382.54, 9.48, 1467.7, 1327.23
Node_GL53_Up_metabat_123_sub_GL51_DN_concoct_96_0, 1526.9, 9.8, 51.04, 47.99, 1451.29, 1.99, 1526.9, 1474.2
Node_GL53_Up_metabat_123_sub_MAG_1811AZI1_metabat2_bin.86_0, 1556.8, 2.35, 118.17, 113.15, 1446.84, 5.38, 1556.8, 1496.68
Node_GL53_Up_metabat_123_sub_MAG_190624KS2_metabat2_bin.60_0, 1328.22, 26.17, 243.64, 315.49, 1281.16, 143.69, 1328.22, 875.08
Node_GL53_Up_metabat_123_sub_Polaromonas_sp._OTE_21_metabat_256_GCA_031363755.1_0, 1421.98, 0.4, 190.88, 50.49, 1394.53, 1.21, 1421.98, 1377.33
Node_GL53_Up_metabat_123_sub_Polaromonas_sp._VAR_87_metabat_250_GCA_031427595.1_0, 1547.34, 39.7, 123.99, 143.68, 1432.44, 13.26, 1547.34, 1436.48
Node_GL53_Up_metabat_123_sub_river_metabat_ad.2894_0, 1483.28, 37.81, 276.92, 246.3, 1433.17, 21.73, 1483.28, 1342.36
Node_GL54_UP_metabat_59_Polaromonas_sp._VAR_17_metabat_362_GCA_031412235.1_0, 1970.14, 1.43, 653.22, 435.58, 1918.22, 6.28, 1970.14, 1747.68
Node_GL72_UP_metabinner_127_sub_Polaromonas_sp._VAR_69_concoct_353_sub_GCA_031424555.1_0, 1759.47, 1.19, 439.01, 296.87, 1558.87, 9.31, 1759.47, 1689.82
Node_GL99_UP_metabinner_20_Polaromonas_sp._341R_metabinner_37_GCA_025362315.1_0, 2187.86, 5.5, 734.84, 338.87, 1954.7, 5.07, 2187.86, 2048.23
Node_GLR68_GL53_UP_2_metabat_54_Polaromonas_eurypsychrophila_CGMCC_1.15322_GCA_014641715.1_0, 2711.43, 28.84, 446.49, 292.04, 2510.57, 15.1, 2711.43, 2488.52
Node_GLR68_GL53_UP_2_metabat_54_Polaromonas_sp._C12_concoct.bin.109_sub_GCA_030683705.1_0, 2834.96, 60.11, 350.71, 374.17, 2570.8, 37.73, 2834.96, 2540.95
Node_GLR68_GL53_UP_2_metabat_54_Polaromonas_sp._C21_concoct.bin.69_GCA_030689685.1_0, 2673.26, 0.24, 284.44, 184.06, 2493.74, 3.61, 2673.26, 2557.01
Node_GLR68_GL53_UP_2_metabat_54_Polaromonas_sp._E1_concoct.bin.27_sub_GCA_030655465.1_0, 2671.03, 31.78, 568.6, 399.48, 2466.16, 49.18, 2671.03, 2494.76
Node_GLR68_GL53_UP_2_metabat_54_Polaromonas_sp._concoct.226.WLB_GCA_041689105.1_0, 2781.32, 17.82, 208.47, 316.39, 2551.1, 28.53, 2781.32, 2595.17
Node_ISO_B136_3_ISO_B141_3_0, 3260.16, 128.13, 822.91, 673.5, 3052.26, 110.3, 3260.16, 2657.92
Node_ISO_B136_3_ISO_B147_2_0, 3514.81, 13.13, 573.8, 322.48, 3069.01, 1.14, 3514.81, 3255.36
Node_ISO_B136_3_ISO_B224_1_0, 3662.7, 98.69, 220.54, 370.01, 3170.69, 26.34, 3662.7, 3328.84
Node_ISO_B136_3_ISO_B231_2_0, 3183.49, 0.52, 835.41, 385.93, 3159.69, 0.68, 3183.49, 2720.74
Node_ISO_B136_3_ISO_B231_3_0, 3473.47, 156.04, 386.95, 599.09, 3124.05, 56.98, 3473.47, 2980.29
Node_ISO_B136_3_ISO_B443_1_0, 3457.21, 68.85, 324.13, 337.83, 3141.88, 89.89, 3457.21, 3179.5
Node_ISO_B136_3_MAG_1907QMI2_metabat2_bin.27_0, 3099.59, 64.7, 330.02, 319.84, 2789.9, 149.64, 3099.59, 2837.82
Node_ISO_B136_3_Polaromonas_sp._Bin2_6_GCA_010365105.1_0, 3210.72, 73.92, 479.91, 477.86, 2967.13, 175.11, 3210.72, 2892.14
Node_ISO_B136_3_Polaromonas_sp._RYN_562_GCA_028292345.1_0, 3346.8, 58.61, 250.36, 358.36, 3042.02, 62.42, 3346.8, 3167.73
Node_ISO_B136_3_Polaromonas_sp._RYN_574_GCA_028292045.1_0, 2911.48, 26.88, 160.66, 263.43, 2654.67, 80.7, 2911.48, 2743.05
Node_ISO_B136_3_ice_MAG_121_0, 3709.16, 19.92, 284.95, 245.52, 3169.71, 6.08, 3709.16, 3476.4
Node_ISO_B136_3_ice_MAG_37_0, 2695.57, 0.91, 734.56, 329.97, 2394.7, 2.51, 2695.57, 2613.15
Node_ISO_B141_3_ISO_B44_0, 3476.79, 0.25, 242.41, 160.04, 3189.32, 0.73, 3476.79, 3367.46
Node_ISO_B141_3_ISO_B485_1.001_0, 3497.59, 62.43, 178.09, 305.16, 3225.27, 20.23, 3497.59, 3169.02
Node_ISO_B147_2_ISO_B412_3_0, 3221.05, 14.16, 817.37, 347.02, 3036.31, 1.03, 3221.05, 2787.94
Node_ISO_B147_2_ISO_B468_1_0, 3199.82, 0.45, 404.19, 204.63, 3143.02, 0.95, 3199.82, 2865.2
Node_ISO_B231_3_ISO_N1991_1_4_0, 3392.19, 4.66, 441.26, 394.76, 3134.32, 3.55, 3392.19, 3147.81
Node_ISO_B443_1_ISO_B68_3_0, 3379.97, 29.82, 181.31, 264.5, 3132.92, 7.35, 3379.97, 3234.15
Node_ISO_B443_1_ISO_B98_3_0, 3230.9, 69.55, 557.51, 277.25, 3009.05, 10.48, 3230.9, 2915.81
Node_ISO_B443_1_ISO_DSP2_3_2.001_0, 3265.25, 9.85, 514.7, 369.11, 2994.95, 40.32, 3265.25, 3113.46
Node_ISO_B443_1_ISO_N1998_1_3_0, 3261.17, 0.35, 267.61, 133.66, 3068.24, 1.51, 3261.17, 3044.17
Node_ISO_B443_1_Polaromonas_glacialis_R3_9_GCA_000709345.1_0, 3328.22, 82.1, 529.34, 579.25, 3102.96, 31.08, 3328.22, 3040.86
Node_ISO_B485_1.001_ISO_B485_2_0, 3201.51, 0.62, 535.19, 270.42, 3191.89, 1.06, 3201.51, 2986.09
Node_ISO_B505_3_ISO_B518_3_0, 2606.86, 67.57, 471.38, 579.35, 2519.91, 106.71, 2606.86, 2138.34
Node_ISO_B505_3_ISO_N1999_1_3_0, 2822.82, 19.41, 36.62, 127.16, 2690.48, 6.71, 2822.82, 2643.8
Node_ISO_B505_3_ISO_N1999_2_4_0, 2724.24, 0.34, 300.07, 185.59, 2649.53, 1.44, 2724.24, 2573.97
Node_ISO_B505_3_Polaromonas_sp._CG_9.5_GCA_035984465.1_0, 2380.64, 2.79, 494.11, 353.83, 2219.45, 12.37, 2380.64, 2278.02
Node_ISO_N1991_1_4_ISO_N1994_1_3_0, 3220.27, 0.69, 640.64, 467.08, 3201.23, 2.05, 3220.27, 2800.75
Node_MAG_1811AZI1_metabat2_bin.43_ice_MAG_2_0, 2050.19, 1.1, 365.22, 244.42, 2009.66, 3.26, 2050.19, 1865.68
Node_MAG_190624KS2_metabat2_bin.60_ice_MAG_200_0, 1664.42, 6.66, 128.72, 114.62, 1572.14, 6.04, 1664.42, 1589.77
Node_MAG_190624KS2_metabat2_bin.60_river_metabat_ad.481_0, 1628.94, 63.15, 115.33, 215.94, 1529.5, 31.36, 1628.94, 1318.76
Node_MAG_1906TGLS_vamb_S1C9042_Polaromonas_aquatica_CCUG_39402_GCA_042659145.1_0, 1965.04, 1.1, 471.85, 361.19, 1803.45, 7.08, 1965.04, 1833.71
Node_MAG_1906TGLS_vamb_S1C9042_Polaromonas_sp._NC_groundwater_594_Pr5_B_0.1um_59_23_GCA_016185115.1_0, 1897.84, 0.71, 369.07, 393.06, 1885.81, 3.46, 1897.84, 1669.43
Node_MAG_1906TGLS_vamb_S1C9042_Polaromonas_sp._RYN_579_GCA_028291985.1_0, 2070.35, 20.4, 449, 340.26, 1858.95, 30.04, 2070.35, 1873.58
Node_MAG_1906TGLS_vamb_S1C9042_Polaromonas_sp._RYN_586_GCA_028291865.1_0, 2102.35, 14.63, 447.55, 392.36, 1919.99, 30.56, 2102.35, 1833.51
Node_MAG_1906TGLS_vamb_S1C9042_ice_MAG_100_0, 1371.62, 0.79, 585.78, 376.89, 1278.47, 4.16, 1371.62, 1247.85
Node_MAG_1907QMS_metabat2_bin.29_Polaromonas_sp._338R_metabat_72_GCA_025352405.1_0, 2131.06, 0.51, 258.42, 217.89, 2074.65, 6.47, 2131.06, 1957.67
Node_MAG_KQGRSC.20.08_vamb_bins_S1C4378_river_bin_metabat_1556_0, 1991.37, 0.53, 384.21, 212.82, 1935.76, 1.84, 1991.37, 1915.82
Node_Polaromonas_hydrogenivorans_DSM_17735_GCA_040105105.1_Polaromonas_naphthalenivorans_CJ2_GCA_000015505.1_0, 2508.92, 0.68, 639.64, 586.72, 2500.87, 5.43, 2508.92, 2159.57
Node_Polaromonas_jejuensis_NBRC_106434_ena_yuan_GCF_001598235.1_GCA_963869285.1_Polaromonas_sp._OV174_GCA_900112285.1_0, 2682.58, 17.67, 383.63, 375.39, 2394.74, 56.89, 2682.58, 2498.29
Node_Polaromonas_sp._337R_metabinner_20_sub_GCA_025363315.1_Polaromonas_sp._341R_metabat_60_GCA_025351605.1_0, 2190.04, 0.61, 233.51, 141.33, 2037.93, 1.16, 2190.04, 2099.57
Node_Polaromonas_sp._337R_metabinner_20_sub_GCA_025363315.1_Polaromonas_sp._GL140_1_metabinner_90_sub_GCA_025358905.1_0, 2236.99, 137.69, 914.78, 546.55, 2053.62, 23, 2236.99, 1762.98
Node_Polaromonas_sp._341R_metabinner_37_GCA_025362315.1_GFS_10061_0, 1776.83, 0.55, 414.21, 264.39, 1764.22, 3.74, 1776.83, 1572.37
Node_Polaromonas_sp._341R_metabinner_37_GCA_025362315.1_GL124_DN_metabat_88_sub_0, 1912.53, 0.75, 542.17, 333.88, 1803.86, 3.2, 1912.53, 1773.74
Node_Polaromonas_sp._341R_metabinner_59_sub_GCA_025359325.1_2020_JNYC_20W_1_20m_1_bin.156.purify_0, 2498.28, 45.47, 534.2, 375.47, 2312.14, 37.32, 2498.28, 2203.53
Node_Polaromonas_sp._341R_metabinner_59_sub_GCA_025359325.1_Polaromonas_sp._337R_metabinner_20_sub_GCA_025363315.1_0, 2761.83, 61.71, 364.78, 285, 2420.89, 99.69, 2761.83, 2424.91
Node_Polaromonas_sp._341R_metabinner_59_sub_GCA_025359325.1_Polaromonas_sp._VAR_25_metabat_291_GCA_031410335.1_0, 2454.12, 0.73, 298.09, 203.38, 2295.6, 2.96, 2454.12, 2316.33
Node_Polaromonas_sp._A23_GCA_002001015.1_2020_CESD_W_2_bin.155.purify_0, 850.92, 9.58, 51.6, 144.61, 822.52, 86.65, 850.92, 542.41
Node_Polaromonas_sp._A23_GCA_002001015.1_GLR68_GL53_UP_2_metabat_54_0, 2890.89, 43.99, 162.43, 292.62, 2651.04, 196.39, 2890.89, 2643.11
Node_Polaromonas_sp._A23_GCA_002001015.1_Polaromonas_sp._C13_concoct.bin.116_GCA_030679725.1_0, 3008.2, 20.05, 455.45, 403.56, 2826.56, 95.86, 3008.2, 2731.11
Node_Polaromonas_sp._A23_GCA_002001015.1_Polaromonas_sp._C15_concoct.bin.134_GCA_030680935.1_0, 2981.24, 16.49, 346.61, 324.25, 2740.23, 81.84, 2981.24, 2736.22
Node_Polaromonas_sp._A23_GCA_002001015.1_Polaromonas_sp._CF318_GCA_000282655.1_0, 1391.32, 27.11, 26.63, 218.57, 1326.11, 273.13, 1391.32, 1157.91
Node_Polaromonas_sp._A23_GCA_002001015.1_Polaromonas_sp._E19_concoct.bin.13_sub_GCA_030646735.1_0, 2528.4, 50.18, 90.67, 343.32, 2357.57, 299.27, 2528.4, 2180.72
Node_Polaromonas_sp._A23_GCA_002001015.1_Polaromonas_sp._LC052_GCA_036676035.1_0, 1407.01, 2.97, 135.62, 265.43, 1348.48, 121.05, 1407.01, 1079
Node_Polaromonas_sp._A23_GCA_002001015.1_Polaromonas_sp._SMAG_U11085_GCA_035638815.1_0, 1866.02, 29.14, 297.22, 447.88, 1790.02, 334.1, 1866.02, 1577.85
Node_Polaromonas_sp._A23_GCA_002001015.1_Polaromonas_sp._cluster3_bin.291_GCA_039930745.1_0, 2859.69, 0.49, 486.59, 377.46, 2744.23, 5.9, 2859.69, 2635.21
Node_Polaromonas_sp._Bin2_6_GCA_010365105.1_Polaromonas_sp._CG9_12_GCA_000751355.1_0, 3126.17, 71.42, 555.6, 505.58, 2934.86, 31.04, 3126.17, 2783.11
Node_Polaromonas_sp._C12_concoct.bin.109_sub_GCA_030683705.1_Polaromonas_sp._E19_concoct.bin.163_sub_GCA_030645205.1_0, 2495.1, 0.54, 454.58, 299.65, 2476.61, 5.95, 2495.1, 2237.54
Node_Polaromonas_sp._C12_concoct.bin.109_sub_GCA_030683705.1_Polaromonas_sp._MGR_bin325_GCA_013817205.1_0, 2612.22, 1.77, 398.46, 235.18, 2447.34, 4.52, 2612.22, 2466.35
Node_Polaromonas_sp._C12_concoct.bin.109_sub_GCA_030683705.1_uncultured_Polaromonas_sp._GCA_946479075.1_0, 2757.64, 19.61, 339.96, 258.01, 2507.35, 9.34, 2757.64, 2614.96
Node_Polaromonas_sp._C13_concoct.bin.116_GCA_030679725.1_Polaromonas_sp._C17_maxbin.022_GCA_030684785.1_0, 2882.38, 7.27, 428.61, 272.45, 2847.07, 3.66, 2882.38, 2705.89
Node_Polaromonas_sp._C13_concoct.bin.116_GCA_030679725.1_Polaromonas_sp._E6_concoct.bin.119_GCA_030653575.1_0, 2795.33, 0.31, 173.61, 108.3, 2788.01, 1.07, 2795.33, 2726.51
Node_Polaromonas_sp._C13_concoct.bin.116_GCA_030679725.1_Polaromonas_sp._ME2015_05_19_3300034121_group6_bin52_GCA_044349845.1_0, 3058.38, 83.43, 478.84, 549.19, 2918.91, 111.15, 3058.38, 2691.99
Node_Polaromonas_sp._C13_concoct.bin.116_GCA_030679725.1_Polaromonas_sp._YR568_JJ_ME644_99_2_m1_bin335_GCA_943371765.1_0, 3090.31, 6.1, 195.33, 153.99, 2944.99, 4.87, 3090.31, 2937.35
Node_Polaromonas_sp._C15_concoct.bin.134_GCA_030680935.1_Polaromonas_sp._C18_concoct.bin.138_GCA_030694565.1_0, 2583.24, 56.33, 354.11, 535.88, 2510.33, 34.59, 2583.24, 2296.68
Node_Polaromonas_sp._C15_concoct.bin.134_GCA_030680935.1_ice_MAG_153_0, 2561.07, 2.29, 780.54, 607.35, 2479.69, 10.79, 2561.07, 2322.12
Node_Polaromonas_sp._C17_maxbin.022_GCA_030684785.1_Polaromonas_sp._C4_concoct.bin.74_GCA_030698065.1_0, 2841.01, 0.23, 153.52, 96.96, 2829.23, 2.02, 2841.01, 2758.99
Node_Polaromonas_sp._C18_concoct.bin.138_GCA_030694565.1_Polaromonas_sp._C4_concoct.bin.81_GCA_030698005.1_0, 2666.45, 15.1, 41.65, 70.24, 2550.46, 1.88, 2666.45, 2603.22
Node_Polaromonas_sp._C1_concoct.bin.30_sub_GCA_030682935.1_Polaromonas_sp._C5_concoct.bin.153_GCA_030697125.1_0, 2180.13, 0.63, 223.38, 208.24, 2164.93, 4.63, 2180.13, 2050.1
Node_Polaromonas_sp._C1_concoct.bin.30_sub_GCA_030682935.1_Polaromonas_sp._E14_maxbin.029_GCA_030650875.1_0, 2214.77, 6.78, 698.13, 510.97, 2159.87, 25.63, 2214.77, 1787.68
Node_Polaromonas_sp._C1_concoct.bin.30_sub_GCA_030682935.1_Polaromonas_sp._KJH.2_GCA_012927485.1_0, 2334.36, 14.67, 488.31, 420.74, 2144.4, 29.03, 2334.36, 2151.6
Node_Polaromonas_sp._C1_concoct.bin.30_sub_GCA_030682935.1_Polaromonas_sp._RGN.1_GCA_012927455.1_0, 2487.08, 18.23, 615.35, 480.47, 2267.26, 33.66, 2487.08, 2285
Node_Polaromonas_sp._C4_concoct.bin.81_GCA_030698005.1_Polaromonas_sp._C12_concoct.bin.8_GCA_030683285.1_0, 2543.26, 0.48, 227.86, 87.74, 2507.73, 1.16, 2543.26, 2473.45
Node_Polaromonas_sp._CAN_BIN17_GCA_026786065.1_Polaromonas_sp._OTE_21_concoct_200_GCA_031364265.1_0, 1327.66, 0.67, 534.02, 183.31, 1282.33, 4.18, 1327.66, 1234.28
Node_Polaromonas_sp._CAN_BIN17_GCA_026786065.1_river_metabinner_orig_365_0, 1674.12, 9.12, 582.81, 278.93, 1583.73, 4.97, 1674.12, 1532.42
Node_Polaromonas_sp._CF318_GCA_000282655.1_Polaromonas_sp._E1_maxbin.018_sub_GCA_030655375.1_0, 2305.05, 12.75, 553.53, 534.68, 2136.51, 26.37, 2305.05, 2090.24
Node_Polaromonas_sp._CF318_GCA_000282655.1_Polaromonas_sp._YR568_GCA_900116715.1_0, 2635.11, 12.45, 123.55, 242.84, 2518.72, 9.78, 2635.11, 2421.63
Node_Polaromonas_sp._CF318_GCA_000282655.1_Polaromonas_sp._YR568_JJ_MO2C4_301_2_mx_bin692_GCA_943372955.1_0, 1826.09, 3.76, 750.18, 473.91, 1688.73, 6.89, 1826.09, 1710.13
Node_Polaromonas_sp._CF318_GCA_000282655.1_Polaromonas_sp._cluster3_bin.188_GCA_039932935.1_0, 2458.02, 43.85, 385.49, 560.09, 2348.02, 95.57, 2458.02, 2135.98
Node_Polaromonas_sp._CG9_12_GCA_000751355.1_Polaromonas_sp._CG_23.6_GCA_029892315.1_0, 3098.46, 1.6, 303.15, 224.69, 2888.12, 7.35, 3098.46, 2927.85
Node_Polaromonas_sp._CG9_12_GCA_000751355.1_Polaromonas_sp._CG_9.11_GCA_015752225.1_0, 2847.58, 0.58, 588.15, 255.69, 2837.91, 3.54, 2847.58, 2558.18
Node_Polaromonas_sp._CG_23.6_GCA_029892315.1_Polaromonas_sp._CG_9.7_GCA_015752205.1_0, 2751.59, 0.27, 72.71, 64.92, 2749.36, 1.63, 2751.59, 2682.34
Node_Polaromonas_sp._CG_23.6_GCA_029892315.1_ice_MAG_119_0, 2733.83, 2.08, 710.49, 387.21, 2718.98, 7.23, 2733.83, 2452.7
Node_Polaromonas_sp._E14_maxbin.029_GCA_030650875.1_Polaromonas_sp._MAG_29_GCA_018780625.1_0, 2170.8, 0.62, 274.32, 248.08, 2146.54, 6.06, 2170.8, 2037.16
Node_Polaromonas_sp._E19_concoct.bin.13_sub_GCA_030646735.1_Polaromonas_sp._E1_concoct.bin.12_GCA_030655515.1_0, 1545.01, 0.87, 1116.95, 452.7, 1528.16, 6.67, 1545.01, 1291.94
Node_Polaromonas_sp._E19_concoct.bin.13_sub_GCA_030646735.1_Polaromonas_sp._SM01_GCA_033446725.1_0, 2299.37, 0.54, 489.4, 301.01, 2161, 6.25, 2299.37, 2188.08
Node_Polaromonas_sp._E1_maxbin.018_sub_GCA_030655375.1_MAG_1908TGLS3_metabat2_bin.36_0, 1467.51, 0.86, 783.09, 459.68, 1370.28, 6.26, 1467.51, 1298.09
Node_Polaromonas_sp._GL140_1_metabinner_90_sub_GCA_025358905.1_Polaromonas_sp._GL140_2_metabinner_137_GCA_025359525.1_0, 2302.01, 72.41, 184.04, 133.6, 2027.18, 2.08, 2302.01, 2125.33
Node_Polaromonas_sp._GL140_2_metabinner_137_GCA_025359525.1_Polaromonas_sp._GL140_3_metabinner_95_sub_GCA_025361825.1_0, 2238.21, 0.94, 221.66, 111.6, 1972.07, 1.28, 2238.21, 2183.16
Node_Polaromonas_sp._KJH.2_GCA_012927485.1_Polaromonas_sp._UBA10861_GCA_003454315.1_0, 2153.75, 16.57, 464.19, 358.54, 2012.04, 11.99, 2153.75, 1971.85
Node_Polaromonas_sp._KJH.2_GCA_012927485.1_Polaromonas_sp._UBA5171_UBA5171_GCA_002413395.1_0, 2047.27, 3.76, 363.51, 218.06, 1924.36, 7.42, 2047.27, 1900.73
Node_Polaromonas_sp._ME2015_05_09_3300035438_group6_bin58_GCA_044357185.1_Polaromonas_sp._ME2017_06_07_3300042514_group7_bin120_GCA_044350025.1_0, 2207.63, 0.45, 165.73, 98.49, 2003.5, 1.41, 2207.63, 2154.28
Node_Polaromonas_sp._ME2015_05_19_3300034121_group6_bin52_GCA_044349845.1_Polaromonas_sp._YR568_JJ_MEM5D2_223_4_m1_bin343_GCA_943371715.1_0, 3026.31, 0.27, 265.1, 189.13, 2919.24, 1.34, 3026.31, 2858.37
Node_Polaromonas_sp._ME2016_07_29_3300044622_group7_bin1_GCA_044352025.1_Polaromonas_sp._ME2015_10_15_3300034096_group6_bin145_GCA_044355135.1_0, 1037.81, 0.31, 183.5, 72.37, 1024.64, 3.35, 1037.81, 980.99
Node_Polaromonas_sp._ME2016_07_29_3300044622_group7_bin1_GCA_044352025.1_Polaromonas_sp._ME2016_07_20_3300033996_group7_bin88_GCA_044352515.1_0, 1201.35, 36.39, 311.94, 153.51, 1137.29, 18.87, 1201.35, 1089.75
Node_Polaromonas_sp._ME2016_07_29_3300044622_group7_bin1_GCA_044352025.1_Polaromonas_sp._Sample_102_S76_bin_189_GCA_040381515.1_0, 1126.64, 0.65, 154.1, 53.35, 1049.64, 1.69, 1126.64, 1093.67
Node_Polaromonas_sp._ME2016_07_29_3300044622_group7_bin1_GCA_044352025.1_icacos_2019_sw_WHONDRS_S19S_0094_B_bin.144_0, 982.2, 0.24, 110.43, 36.89, 979.3, 1.13, 982.2, 949.56
Node_Polaromonas_sp._ME_04may21_LR_166_GCA_964203505.1_Polaromonas_sp._YR568_GCA_945867705.1_0, 2772.63, 2.08, 88.93, 50.6, 2655.26, 2.7, 2772.63, 2736.78
Node_Polaromonas_sp._ME_04may21_LR_166_GCA_964203505.1_Polaromonas_sp._YR568_GCA_945878995.1_0, 2778.52, 74.61, 192.9, 218.88, 2669.92, 11.48, 2778.52, 2625.59
Node_Polaromonas_sp._ME_04may21_LR_166_GCA_964203505.1_Polaromonas_sp._YR568_GCA_945881975.1_0, 2632.22, 0.31, 235.49, 70.08, 2626.39, 1.13, 2632.22, 2557.56
Node_Polaromonas_sp._OTE_14_metabat.17_GCA_031365885.1_GFS_6717_0, 2012.37, 0.72, 360.7, 129.69, 1875.49, 3.03, 2012.37, 1969.32
Node_Polaromonas_sp._OTE_14_metabat.17_GCA_031365885.1_Polaromonas_sp._OTE_14_metabat.245_GCA_031365795.1_0, 2226.99, 53.78, 405, 223.66, 2096.31, 8.71, 2226.99, 2068.99
Node_Polaromonas_sp._OTE_14_metabat.245_GCA_031365795.1_Polaromonas_sp._OTE_70_concoct_231_GCA_031375865.1_0, 2115.66, 0.61, 67.87, 55.93, 1983.3, 2.15, 2115.66, 2085.24
Node_Polaromonas_sp._OTE_14_metabat.245_GCA_031365795.1_Polaromonas_sp._VAR_69_metabat_82_GCA_031423655.1_0, 2088.1, 91.3, 381.53, 258.96, 1980.47, 9.5, 2088.1, 1903.07
Node_Polaromonas_sp._OTE_1_metabat_241_GCA_031360565.1_Polaromonas_sp._OTE_78_metabat_161_GCA_031386705.1_0, 1561.6, 0.47, 109.55, 57.77, 1429.39, 2.12, 1561.6, 1538.52
Node_Polaromonas_sp._OTE_21_concoct_200_GCA_031364265.1_Polaromonas_sp._VAR_87_metabat_80_GCA_031427075.1_0, 1229.95, 0.42, 251.37, 116.25, 1219.98, 3.58, 1229.95, 1140.84
Node_Polaromonas_sp._OTE_70_metabat_118_sub_GCA_031375685.1_2020_YBJSD_W_2_bin.50.purify_0, 2074.24, 0.95, 490.99, 217.4, 2013.69, 1.88, 2074.24, 1918.75
Node_Polaromonas_sp._P1_28__13_GCA_024703815.1_Polaromonas_sp._P1_6_GCA_024703875.1_0, 2474.36, 95.6, 422.16, 430.34, 2348.16, 38.02, 2474.36, 2244.84
Node_Polaromonas_sp._P1_28__13_GCA_024703815.1_Polaromonas_sp._SMAG_U4641_GCA_036506595.1_0, 2548.69, 5.04, 441.43, 519.24, 2464.61, 21.01, 2548.69, 2352.13
Node_Polaromonas_sp._P1_28__13_GCA_024703815.1_Polaromonas_sp._VAR_18_metabat_307_GCA_031411155.1_0, 2639.76, 6.94, 500.67, 532.53, 2440.05, 21.77, 2639.76, 2445.45
Node_Polaromonas_sp._P1_28__8_GCA_024703835.1_Polaromonas_sp._LC071_GCA_036675725.1_0, 2253.45, 1.78, 929.25, 714.49, 2211.55, 9.86, 2253.45, 2001.68
Node_Polaromonas_sp._P1_28__8_GCA_024703835.1_Polaromonas_sp._P1_28__13_GCA_024703815.1_0, 2753.77, 14.08, 461.93, 497.05, 2489.54, 56.18, 2753.77, 2510.63
Node_Polaromonas_sp._P1_6_GCA_024703875.1_Polaromonas_sp._P2_4_GCA_024703855.1_0, 2416.63, 0.6, 194.52, 126.83, 2269.56, 4.4, 2416.63, 2371.47
Node_Polaromonas_sp._RGN.2_GCA_012927415.1_Polaromonas_sp._OTE_1_metabat_360_sub_GCA_031360275.1_0, 2155.07, 1.09, 525.06, 415.67, 2071.1, 5.09, 2155.07, 1984.57
Node_Polaromonas_sp._RYN_542_GCA_028292745.1_Polaromonas_sp._RYN_585_GCA_028291905.1_0, 2230.18, 1.05, 849.34, 393.91, 2086.38, 4.85, 2230.18, 2075.39
Node_Polaromonas_sp._RYN_574_GCA_028292045.1_ice_MAG_20_0, 2259.45, 1.34, 925.13, 342.7, 2194.36, 2.97, 2259.45, 2084.32
Node_Polaromonas_sp._SM01_GCA_033446725.1_Polaromonas_sp._UC242_47_UC242_47_GCA_044452385.1_0, 2450.67, 0.55, 460.6, 481.07, 2442.77, 13.31, 2450.67, 1961.07
Node_Polaromonas_sp._UBA10861_GCA_003454315.1_Polaromonas_sp._UBA4122_UBA4122_GCA_002381615.1_0, 1960.5, 0.58, 363.4, 232.6, 1955.3, 6.69, 1960.5, 1758.39
Node_Polaromonas_sp._UBA5171_UBA5171_GCA_002413395.1_Polaromonas_sp._nzgw554_GCA_023259235.1_0, 1632.86, 0.31, 761.67, 219.77, 1604.39, 3.97, 1632.86, 1385.87
Node_Polaromonas_sp._VAR_34_metabat_99_GCA_031414215.1_Polaromonas_sp._EUL_170_GCA_040400775.1_0, 2100.37, 0.87, 702.55, 349.58, 1951.83, 4.66, 2100.37, 1955.62
Node_Polaromonas_sp._VAR_35_metabat_389_GCA_031417995.1_GL93_UP_metabat_6_sub_0, 2635.95, 31.05, 540.98, 330.95, 2336.53, 17.99, 2635.95, 2390.5
Node_Polaromonas_sp._VAR_35_metabat_389_GCA_031417995.1_Polaromonas_sp._338R_metabinner_111_GCA_025363125.1_0, 2447.71, 0.83, 504.53, 340.15, 2252.58, 3.77, 2447.71, 2299.95
Node_Polaromonas_sp._VAR_48_metabat_346_GCA_031422575.1_GL74_DN_metabinner_58_0, 1931.75, 1.75, 211.65, 129.53, 1798.12, 3.01, 1931.75, 1867.85
Node_Polaromonas_sp._VAR_48_metabat_346_GCA_031422575.1_Polaromonas_sp._VAR_78_metabat_344_GCA_031431575.1_0, 1642.91, 1.11, 458.37, 158.44, 1630.5, 2.6, 1642.91, 1535.95
Node_Polaromonas_sp._VAR_69_concoct_353_sub_GCA_031424555.1_Polaromonas_sp._OTE_1_metabat_241_GCA_031360565.1_0, 1589.85, 94.36, 90.4, 161.17, 1468.1, 6.51, 1589.85, 1425.56
Node_Polaromonas_sp._VAR_69_concoct_353_sub_GCA_031424555.1_Polaromonas_sp._VAR_45_metabat_307_GCA_031419775.1_0, 1451.66, 7.1, 664.42, 399.44, 1409.52, 8.77, 1451.66, 1204.26
Node_Polaromonas_sp._YR568_GCA_900116715.1_Polaromonas_sp._b69_HoplandSoilSeptJan_GCA_021153985.1_0, 2512.26, 0.52, 292.03, 230.8, 2452.97, 2.87, 2512.26, 2407.32
Node_Polaromonas_sp._YR568_GCA_945860515.1_Polaromonas_sp._YR568_GCA_945878265.1_0, 2374.06, 98.75, 262.98, 134.38, 2122.55, 1.07, 2374.06, 2191.76
Node_Polaromonas_sp._YR568_GCA_945860515.1_Polaromonas_sp._YR568_GCA_945896805.1_0, 2352.81, 0.59, 175.59, 62.93, 2097.31, 1.07, 2352.81, 2291.83
Node_Polaromonas_sp._YR568_GCA_945860515.1_Polaromonas_sp._YR568_GCA_945907175.1_0, 2394.65, 44.62, 107.01, 130.92, 2188.35, 5.5, 2394.65, 2295.71
Node_Polaromonas_sp._YR568_JJ_ME644_99_2_m1_bin335_GCA_943371765.1_Polaromonas_sp._MAG_75_GCA_031426775.1_0, 2872, 0.47, 486.54, 290.84, 2853.9, 1.45, 2872, 2649.62
Node_Polaromonas_sp._cluster3_bin.188_GCA_039932935.1_Polaromonas_sp._cluster4_bin.192_GCA_040004635.1_0, 2266.99, 0.94, 576.86, 334.4, 2248.63, 4.3, 2266.99, 1961.19
Node_ice_MAG_100_ice_MAG_15_0, 1370.84, 1.11, 538.69, 441.8, 1347.11, 7.02, 1370.84, 979.72
Node_ice_MAG_119_ice_MAG_62_0, 2580.61, 0.73, 205.91, 62.65, 2572.51, 1.53, 2580.61, 2553.24
Node_ice_MAG_121_ice_MAG_197_0, 3314.42, 59.37, 834.23, 339.45, 2971.24, 2.6, 3314.42, 2955.33
Node_ice_MAG_121_ice_MAG_76_0, 3204.33, 1.19, 365.61, 279.7, 2913.13, 0.53, 3204.33, 3077.24
Node_ice_MAG_153_ice_MAG_206_0, 2451.77, 83.62, 486.12, 490.35, 2350.51, 26.31, 2451.77, 2186.11
Node_ice_MAG_1_ice_MAG_89_0, 1908.68, 0.57, 493.82, 274.97, 1900.88, 5.24, 1908.68, 1712.53
Node_ice_MAG_200_ice_MAG_33_0, 1651.43, 72.98, 251.38, 220.25, 1562.44, 13.73, 1651.43, 1461.59
Node_ice_MAG_200_ice_MAG_83_0, 1627.86, 0.54, 126.37, 56.22, 1530.04, 1.54, 1627.86, 1593.86
Node_ice_MAG_206_ice_MAG_79_0, 2449.43, 0.46, 116.88, 104.93, 2334.67, 2.11, 2449.43, 2394.45
Node_ice_MAG_20_ice_MAG_50_0, 2106.52, 1.03, 320.98, 205.86, 2081.29, 1.68, 2106.52, 2003.33
Node_ice_MAG_2_ice_MAG_94_0, 1803.35, 0.81, 364.52, 104.16, 1794.59, 1.44, 1803.35, 1730.33
Node_ice_MAG_33_ice_MAG_154_0, 1571.24, 0.52, 160.57, 70.07, 1513.36, 1.24, 1571.24, 1536.21
Node_river_metabat_ad.481_MAG_1811ZXGI1_metabat2_bin.10_0, 1537.37, 0.87, 242.49, 123.49, 1463.8, 2.96, 1537.37, 1480.68
Node_river_metabinner_orig_365_river_bin_metabat_1523_0, 1540.63, 0.65, 356.83, 206.27, 1494.96, 3.63, 1540.63, 1425.39
Polaromonas_aquatica_CCUG_39402_GCA_042659145.1, 2241, 0.19, 468.61, 532.6, 2241, 6.06, 2241, 2241
Polaromonas_eurypsychrophila_CGMCC_1.15322_GCA_014641715.1, 2587, 0.03, 438.5, 327.63, 2587, 2.49, 2587, 2587
Polaromonas_glacialis_R3_9_GCA_000709345.1, 3053, 0.11, 608.25, 340.14, 3053, 1.25, 3053, 3053
Polaromonas_hydrogenivorans_DSM_17735_GCA_040105105.1, 2475, 0.01, 91.89, 89.17, 2475, 0.75, 2475, 2475
Polaromonas_jejuensis_NBRC_106434_ena_yuan_GCF_001598235.1_GCA_963869285.1, 2356, 0.24, 756.47, 559.61, 2356, 3.49, 2356, 2356
Polaromonas_naphthalenivorans_CJ2_GCA_000015505.1, 2501, 0.01, 99.41, 98.6, 2501, 2.3, 2501, 2501
Polaromonas_sp._337R_metabinner_20_sub_GCA_025363315.1, 2008, 0.05, 368.47, 180.77, 2008, 0.77, 2008, 2008
Polaromonas_sp._338R_metabat_72_GCA_025352405.1, 1877, 0.1, 421.31, 186.99, 1877, 1.41, 1877, 1877
Polaromonas_sp._338R_metabinner_111_GCA_025363125.1, 1973, 0.16, 768.9, 389.27, 1973, 1.5, 1973, 1973
Polaromonas_sp._338R_metabinner_90_sub_GCA_025362825.1, 1684, 0.43, 903.83, 520.79, 1684, 4.08, 1684, 1684
Polaromonas_sp._341R_metabat_60_GCA_025351605.1, 1698, 0.09, 691.37, 189.94, 1698, 0.55, 1698, 1698
Polaromonas_sp._341R_metabinner_37_GCA_025362315.1, 1640, 0.02, 218.39, 46.76, 1640, 1.13, 1640, 1640
Polaromonas_sp._341R_metabinner_59_sub_GCA_025359325.1, 1993, 0.14, 716.29, 245.09, 1993, 1.79, 1993, 1993
Polaromonas_sp._A23_GCA_002001015.1, 2674, 0.03, 474.5, 344.02, 2674, 1.87, 2674, 2674
Polaromonas_sp._Bin2_6_GCA_010365105.1, 2959, 0.13, 531.15, 444.77, 2959, 1.25, 2959, 2959
Polaromonas_sp._C12_concoct.bin.109_sub_GCA_030683705.1, 2402, 0.02, 212.13, 77.56, 2402, 1.57, 2402, 2402
Polaromonas_sp._C12_concoct.bin.8_GCA_030683285.1, 2361, 0.02, 238.58, 70.6, 2361, 0.38, 2361, 2361
Polaromonas_sp._C13_concoct.bin.116_GCA_030679725.1, 2674, 0.01, 158.56, 29.81, 2674, 0.8, 2674, 2674
Polaromonas_sp._C15_concoct.bin.134_GCA_030680935.1, 2501, 0.03, 239.2, 167.9, 2501, 0.28, 2501, 2501
Polaromonas_sp._C17_maxbin.022_GCA_030684785.1, 2783, 0.02, 104.04, 44.85, 2783, 0.64, 2783, 2783
Polaromonas_sp._C18_concoct.bin.138_GCA_030694565.1, 2171, 0, 666.84, 90.62, 2171, 0.92, 2171, 2171
Polaromonas_sp._C1_concoct.bin.30_sub_GCA_030682935.1, 2076, 0.02, 175.99, 56.63, 2076, 1.22, 2076, 2076
Polaromonas_sp._C21_concoct.bin.69_GCA_030689685.1, 2527, 0.06, 877.75, 321.9, 2527, 4.46, 2527, 2527
Polaromonas_sp._C4_concoct.bin.74_GCA_030698065.1, 2652, 0.02, 255.51, 32.09, 2652, 0.65, 2652, 2652
Polaromonas_sp._C4_concoct.bin.81_GCA_030698005.1, 2348, 0, 282.37, 56.53, 2348, 0.55, 2348, 2348
Polaromonas_sp._C5_concoct.bin.153_GCA_030697125.1, 2006, 0, 223.27, 53.88, 2006, 1.34, 2006, 2006
Polaromonas_sp._CAN_BIN17_GCA_026786065.1, 1129, 0.02, 362.51, 114.12, 1129, 1.12, 1129, 1129
Polaromonas_sp._CF318_GCA_000282655.1, 2469, 0.05, 354.37, 252.86, 2469, 1.53, 2469, 2469
Polaromonas_sp._CG9_12_GCA_000751355.1, 2781, 0, 110.84, 31.17, 2781, 0.55, 2781, 2781
Polaromonas_sp._CG_23.6_GCA_029892315.1, 2754, 0, 13.91, 12.78, 2754, 0.2, 2754, 2754
Polaromonas_sp._CG_9.11_GCA_015752225.1, 2854, 0, 46.94, 42.32, 2854, 0.8, 2854, 2854
Polaromonas_sp._CG_9.5_GCA_035984465.1, 2193, 0.15, 890.73, 426.32, 2193, 3.98, 2193, 2193
Polaromonas_sp._CG_9.7_GCA_015752205.1, 2745, 0, 20.78, 15, 2745, 0.4, 2745, 2745
Polaromonas_sp._E10_concoct.bin.55_GCA_030654695.1, 1495, 0.05, 240.11, 114.32, 1495, 2.17, 1495, 1495
Polaromonas_sp._E14_maxbin.029_GCA_030650875.1, 1854, 0.01, 444.97, 130.04, 1854, 1.84, 1854, 1854
Polaromonas_sp._E19_concoct.bin.13_sub_GCA_030646735.1, 1498, 0.02, 189.21, 121.19, 1498, 2.14, 1498, 1498
Polaromonas_sp._E19_concoct.bin.163_sub_GCA_030645205.1, 2328, 0.02, 293.22, 83.94, 2328, 1.27, 2328, 2328
Polaromonas_sp._E1_concoct.bin.12_GCA_030655515.1, 1400, 0.05, 270.97, 115.24, 1400, 1.24, 1400, 1400
Polaromonas_sp._E1_concoct.bin.27_sub_GCA_030655465.1, 1954, 0.29, 1211.52, 478.47, 1954, 1.85, 1954, 1954
Polaromonas_sp._E1_maxbin.018_sub_GCA_030655375.1, 1394, 0.33, 530.21, 375.57, 1394, 3.01, 1394, 1394
Polaromonas_sp._E6_concoct.bin.119_GCA_030653575.1, 2731, 0.01, 88.15, 23.79, 2731, 0.22, 2731, 2731
Polaromonas_sp._EUL_161_GCA_040400945.1, 1761, 0.09, 522.33, 258.87, 1761, 0.74, 1761, 1761
Polaromonas_sp._EUL_162_GCA_040400935.1, 1313, 0.09, 265.51, 200.28, 1313, 1.45, 1313, 1313
Polaromonas_sp._EUL_168_GCA_040400815.1, 1353, 0.14, 492.37, 159.62, 1353, 1.49, 1353, 1353
Polaromonas_sp._EUL_170_GCA_040400775.1, 1693, 0.27, 982.11, 387.28, 1693, 5.16, 1693, 1693
Polaromonas_sp._GL140_1_metabinner_90_sub_GCA_025358905.1, 1743, 0.07, 687.4, 173.94, 1743, 0.69, 1743, 1743
Polaromonas_sp._GL140_2_metabinner_137_GCA_025359525.1, 1687, 0.04, 738.05, 145.92, 1687, 0.56, 1687, 1687
Polaromonas_sp._GL140_3_metabinner_95_sub_GCA_025361825.1, 1824, 0.06, 596.42, 157.5, 1824, 0.85, 1824, 1824
Polaromonas_sp._KJH.2_GCA_012927485.1, 1862, 0.07, 584.13, 377.71, 1862, 1.84, 1862, 1862
Polaromonas_sp._LC052_GCA_036676035.1, 2055, 0.36, 384.68, 553.2, 2055, 7.6, 2055, 2055
Polaromonas_sp._LC071_GCA_036675725.1, 1916, 0.16, 536.36, 238.46, 1916, 2.15, 1916, 1916
Polaromonas_sp._LF_bin_444_GCA_014376885.1, 1584, 0.04, 707.82, 145.19, 1584, 1.23, 1584, 1584
Polaromonas_sp._LacPavin_0920_WC12_MAG_62_10_GCA_026400075.1, 1327, 0.28, 1384.12, 414.05, 1327, 2.03, 1327, 1327
Polaromonas_sp._MAG_29_GCA_018780625.1, 2082, 0.04, 233.39, 134.27, 2082, 2.19, 2082, 2082
Polaromonas_sp._MAG_75_GCA_031426775.1, 2604, 0.09, 343.94, 83.3, 2604, 0.87, 2604, 2604
Polaromonas_sp._ME2014_05_28_3300035212_group5_bin114_GCA_044362035.1, 1630, 0.09, 471.26, 125.69, 1630, 1.15, 1630, 1630
Polaromonas_sp._ME2015_05_09_3300035438_group6_bin58_GCA_044357185.1, 1915, 0.09, 475.59, 199.91, 1915, 0.78, 1915, 1915
Polaromonas_sp._ME2015_05_19_3300034121_group6_bin52_GCA_044349845.1, 2835, 0.12, 424.18, 245.05, 2835, 0.94, 2835, 2835
Polaromonas_sp._ME2015_10_15_3300034096_group6_bin145_GCA_044355135.1, 830, 0, 250.62, 37.64, 830, 0.96, 830, 830
Polaromonas_sp._ME2016_05_06_3300042878_group7_bin259_GCA_044354315.1, 1665, 0.01, 584, 100.03, 1665, 1.13, 1665, 1665
Polaromonas_sp._ME2016_07_20_3300033996_group7_bin88_GCA_044352515.1, 1053, 0.04, 279.91, 106.44, 1053, 0.71, 1053, 1053
Polaromonas_sp._ME2016_07_29_3300044622_group7_bin1_GCA_044352025.1, 768, 0, 231.5, 22.84, 768, 0.7, 768, 768
Polaromonas_sp._ME2017_06_07_3300042514_group7_bin120_GCA_044350025.1, 1915, 0.01, 487.57, 160.33, 1915, 0.73, 1915, 1915
Polaromonas_sp._ME2018_11_08GD_3300042901_group8_bin35_GCA_044378095.1, 2174, 0.11, 566.59, 302.13, 2174, 0.66, 2174, 2174
Polaromonas_sp._ME_04may21_LR_166_GCA_964203505.1, 2576, 0, 92.36, 22.1, 2576, 0.3, 2576, 2576
Polaromonas_sp._MGR_bin325_GCA_013817205.1, 2359, 0.01, 664.97, 290.24, 2359, 2.68, 2359, 2359
Polaromonas_sp._NC_groundwater_594_Pr5_B_0.1um_59_23_GCA_016185115.1, 1884, 0.02, 100.13, 67.1, 1884, 1.23, 1884, 1884
Polaromonas_sp._OTE_14_metabat.17_GCA_031365885.1, 1710, 0.08, 434.58, 133.66, 1710, 1.08, 1710, 1710
Polaromonas_sp._OTE_14_metabat.245_GCA_031365795.1, 1749, 0, 467.09, 67.84, 1749, 0.95, 1749, 1749
Polaromonas_sp._OTE_1_metabat_241_GCA_031360565.1, 1192, 0.01, 448.07, 64.45, 1192, 0.92, 1192, 1192
Polaromonas_sp._OTE_1_metabat_360_sub_GCA_031360275.1, 1925, 0.09, 552.7, 275.49, 1925, 3.13, 1925, 1925
Polaromonas_sp._OTE_21_concoct_200_GCA_031364265.1, 1191, 0.02, 127.74, 57.43, 1191, 1.23, 1191, 1191
Polaromonas_sp._OTE_21_metabat_256_GCA_031363755.1, 1407, 0, 90.06, 45.27, 1407, 0.28, 1407, 1407
Polaromonas_sp._OTE_51_metabat_360_GCA_031370115.1, 1495, 0.35, 906.03, 483.07, 1495, 3.05, 1495, 1495
Polaromonas_sp._OTE_70_concoct_231_GCA_031375865.1, 1829, 0, 381.11, 76.98, 1829, 0.95, 1829, 1829
Polaromonas_sp._OTE_70_metabat_118_sub_GCA_031375685.1, 1711, 0.08, 484.14, 117.61, 1711, 1.33, 1711, 1711
Polaromonas_sp._OTE_78_metabat_150_GCA_031386895.1, 1698, 0, 233.79, 91.5, 1698, 0.47, 1698, 1698
Polaromonas_sp._OTE_78_metabat_161_GCA_031386705.1, 1285, 0, 353.5, 60.59, 1285, 0.9, 1285, 1285
Polaromonas_sp._OV174_GCA_900112285.1, 2149, 0.18, 734.89, 514.7, 2149, 2.63, 2149, 2149
Polaromonas_sp._P1_28__13_GCA_024703815.1, 1972, 0.01, 633.11, 160.16, 1972, 2.23, 1972, 1972
Polaromonas_sp._P1_28__8_GCA_024703835.1, 1927, 0.12, 511.82, 240.17, 1927, 2.9, 1927, 1927
Polaromonas_sp._P1_6_GCA_024703875.1, 1971, 0.02, 592.6, 123.63, 1971, 2.54, 1971, 1971
Polaromonas_sp._P2_4_GCA_024703855.1, 1979, 0.01, 566.12, 118.43, 1979, 1.56, 1979, 1979
Polaromonas_sp._RGN.1_GCA_012927455.1, 2216, 0.24, 785.69, 698.5, 2216, 3.71, 2216, 2216
Polaromonas_sp._RGN.2_GCA_012927415.1, 2019, 0.2, 470.15, 297, 2019, 2.57, 2019, 2019
Polaromonas_sp._RYN_542_GCA_028292745.1, 1842, 0.14, 681.11, 271.96, 1842, 1.68, 1842, 1842
Polaromonas_sp._RYN_562_GCA_028292345.1, 2347, 0.34, 1402.11, 472.19, 2347, 1.52, 2347, 2347
Polaromonas_sp._RYN_574_GCA_028292045.1, 1836, 0.03, 580.89, 161.76, 1836, 1, 1836, 1836
Polaromonas_sp._RYN_579_GCA_028291985.1, 1449, 0.28, 447.27, 415.51, 1449, 2.73, 1449, 1449
Polaromonas_sp._RYN_585_GCA_028291905.1, 1940, 0.35, 676.02, 344.12, 1940, 3.07, 1940, 1940
Polaromonas_sp._RYN_586_GCA_028291865.1, 1443, 0.24, 1024.03, 403.87, 1443, 2.75, 1443, 1443
Polaromonas_sp._SM01_GCA_033446725.1, 2471, 0, 70.7, 88.57, 2471, 1.64, 2471, 2471
Polaromonas_sp._SMAG_U11085_GCA_035638815.1, 2059, 0.32, 534.12, 563.64, 2059, 2.74, 2059, 2059
Polaromonas_sp._SMAG_U4641_GCA_036506595.1, 2168, 0.05, 590.26, 368.21, 2168, 2.38, 2168, 2168
Polaromonas_sp._SOY_38_metabat_66_GCA_031396485.1, 2103, 0.18, 512.59, 234.97, 2103, 1.73, 2103, 2103
Polaromonas_sp._Sample_102_S76_bin_189_GCA_040381515.1, 824, 0.01, 407.91, 72.87, 824, 0.4, 824, 824
Polaromonas_sp._UBA10861_GCA_003454315.1, 1697, 0.01, 319.14, 44.08, 1697, 1.9, 1697, 1697
Polaromonas_sp._UBA4122_UBA4122_GCA_002381615.1, 1974, 0, 59.6, 43.83, 1974, 0.49, 1974, 1974
Polaromonas_sp._UBA5171_UBA5171_GCA_002413395.1, 1635, 0.02, 155.24, 96.41, 1635, 1.03, 1635, 1635
Polaromonas_sp._UC242_47_UC242_47_GCA_044452385.1, 2442, 0, 104.51, 110.69, 2442, 1.62, 2442, 2442
Polaromonas_sp._VAR_17_metabat_362_GCA_031412235.1, 1921, 0.19, 315.57, 233.08, 1921, 2.15, 1921, 1921
Polaromonas_sp._VAR_18_metabat_307_GCA_031411155.1, 2133, 0.27, 993.55, 543.52, 2133, 3.74, 2133, 2133
Polaromonas_sp._VAR_25_metabat_291_GCA_031410335.1, 2249, 0.15, 460.66, 213.27, 2249, 1.55, 2249, 2249
Polaromonas_sp._VAR_34_metabat_240_GCA_031409395.1, 1735, 0.51, 1038.82, 630.02, 1735, 2.41, 1735, 1735
Polaromonas_sp._VAR_34_metabat_99_GCA_031414215.1, 2101, 0.1, 430.04, 383.49, 2101, 1.79, 2101, 2101
Polaromonas_sp._VAR_35_metabat_389_GCA_031417995.1, 2237, 0.17, 600.63, 368.45, 2237, 1.86, 2237, 2237
Polaromonas_sp._VAR_35_metabat_51_GCA_031417695.1, 1597, 0.24, 583.78, 311.59, 1597, 1.2, 1597, 1597
Polaromonas_sp._VAR_45_metabat_307_GCA_031419775.1, 1228, 0, 294.59, 75.96, 1228, 1.4, 1228, 1228
Polaromonas_sp._VAR_48_metabat_346_GCA_031422575.1, 1384, 0, 319.91, 54.51, 1384, 1.01, 1384, 1384
Polaromonas_sp._VAR_61_metabat_80_GCA_031424935.1, 1966, 0.21, 867.59, 455.96, 1966, 1.35, 1966, 1966
Polaromonas_sp._VAR_69_concoct_353_sub_GCA_031424555.1, 1250, 0, 441.03, 95.34, 1250, 1.45, 1250, 1250
Polaromonas_sp._VAR_69_metabat_82_GCA_031423655.1, 1770, 0, 413.39, 90.6, 1770, 0.64, 1770, 1770
Polaromonas_sp._VAR_78_metabat_344_GCA_031431575.1, 1529, 0.04, 200.74, 57.1, 1529, 1.45, 1529, 1529
Polaromonas_sp._VAR_87_metabat_250_GCA_031427595.1, 1103, 0.12, 634.79, 167.83, 1103, 1.62, 1103, 1103
Polaromonas_sp._VAR_87_metabat_80_GCA_031427075.1, 1005, 0, 301.79, 54.52, 1005, 1.67, 1005, 1005
Polaromonas_sp._YR568_GCA_900116715.1, 2399, 0.04, 250.25, 160.75, 2399, 1.17, 2399, 2399
Polaromonas_sp._YR568_GCA_945860515.1, 1896, 0.15, 631.06, 101.34, 1896, 0.57, 1896, 1896
Polaromonas_sp._YR568_GCA_945867705.1, 2067, 0.02, 895.24, 72.82, 2067, 0.48, 2067, 2067
Polaromonas_sp._YR568_GCA_945871335.1, 1404, 0.02, 812.06, 156.1, 1404, 0.58, 1404, 1404
Polaromonas_sp._YR568_GCA_945878265.1, 1889, 0.03, 617.91, 131.98, 1889, 0.5, 1889, 1889
Polaromonas_sp._YR568_GCA_945878995.1, 2497, 0.01, 369.98, 145.68, 2497, 0.35, 2497, 2497
Polaromonas_sp._YR568_GCA_945881975.1, 2539, 0, 127.27, 22.35, 2539, 0.4, 2539, 2539
Polaromonas_sp._YR568_GCA_945896805.1, 2006, 0.05, 556.91, 101.92, 2006, 1.15, 2006, 2006
Polaromonas_sp._YR568_GCA_945907175.1, 1953, 0.06, 621.99, 178.2, 1953, 1.05, 1953, 1953
Polaromonas_sp._YR568_JJ_ME644_99_2_m1_bin335_GCA_943371765.1, 2855, 0.01, 90.88, 89.68, 2855, 0.7, 2855, 2855
Polaromonas_sp._YR568_JJ_MEM5D2_223_4_m1_bin343_GCA_943371715.1, 2829, 0.14, 458.53, 268.32, 2829, 0.42, 2829, 2829
Polaromonas_sp._YR568_JJ_MO2C4_301_2_mx_bin692_GCA_943372955.1, 1797, 0.26, 533.04, 479.84, 1797, 4.07, 1797, 1797
Polaromonas_sp._b69_HoplandSoilSeptJan_GCA_021153985.1, 2250, 0.15, 417.1, 186.63, 2250, 1.39, 2250, 2250
Polaromonas_sp._bin.87_GCA_013205645.1, 1202, 0.01, 476.5, 84.1, 1202, 1.52, 1202, 1202
Polaromonas_sp._cluster1_bin.8_GCA_039925285.1, 1472, 0.33, 1111.22, 327.92, 1472, 2.02, 1472, 1472
Polaromonas_sp._cluster3_bin.188_GCA_039932935.1, 2313, 0.03, 82.97, 75.1, 2313, 0.62, 2313, 2313
Polaromonas_sp._cluster3_bin.291_GCA_039930745.1, 2650, 0.07, 506.38, 327.65, 2650, 1.81, 2650, 2650
Polaromonas_sp._cluster4_bin.192_GCA_040004635.1, 1821, 0, 495.49, 60.87, 1821, 1.26, 1821, 1821
Polaromonas_sp._concoct.226.WLB_GCA_041689105.1, 2406, 0.13, 785.93, 457.97, 2406, 2.14, 2406, 2406
Polaromonas_sp._nzgw554_GCA_023259235.1, 1473, 0.01, 410.08, 114.23, 1473, 1.68, 1473, 1473
Polaromonas_vacuolata_KCTC_22033_GCA_012584515.1, 1119, 0.16, 517.42, 280.52, 1119, 1.07, 1119, 1119
icacos_2019_sw_WHONDRS_S19S_0094_B_bin.144, 907, 0, 100.94, 18.62, 907, 0.51, 907, 907
ice_MAG_1, 1829, 0.01, 125.2, 39.75, 1829, 0.99, 1829, 1829
ice_MAG_100, 1275, 0.03, 204.91, 95.97, 1275, 1.45, 1275, 1275
ice_MAG_119, 2260, 0, 349.36, 23.63, 2260, 0.58, 2260, 2260
ice_MAG_121, 2556, 0.26, 905.28, 363.9, 2556, 0.49, 2556, 2556
ice_MAG_15, 1337, 0.02, 169.3, 96.75, 1337, 1.1, 1337, 1337
ice_MAG_153, 1998, 0.02, 551.55, 97.26, 1998, 1.32, 1998, 1998
ice_MAG_154, 1379, 0.03, 259.37, 97.17, 1379, 0.65, 1379, 1379
ice_MAG_197, 2771, 0.43, 848.58, 333.04, 2771, 0.62, 2771, 2771
ice_MAG_2, 1618, 0, 236.1, 37.48, 1618, 0.88, 1618, 1618
ice_MAG_20, 1853, 0, 342.82, 97.42, 1853, 0.97, 1853, 1853
ice_MAG_200, 1292, 0.03, 430.45, 65.76, 1292, 0.75, 1292, 1292
ice_MAG_206, 2111, 0, 425.14, 86.9, 2111, 0.64, 2111, 2111
ice_MAG_25, 1512, 0, 132.42, 45.96, 1512, 0.97, 1512, 1512
ice_MAG_28, 1387, 0.3, 493.47, 313.95, 1387, 2.79, 1387, 1387
ice_MAG_29, 2229, 0.09, 154.48, 133.89, 2229, 2.32, 2229, 2229
ice_MAG_30, 1510, 0.24, 522.16, 314.49, 1510, 4.32, 1510, 1510
ice_MAG_33, 1381, 0.03, 261.7, 93.39, 1381, 0.67, 1381, 1381
ice_MAG_37, 2095, 0.3, 1075.1, 395, 2095, 1.46, 2095, 2095
ice_MAG_50, 1820, 0.04, 371.53, 118, 1820, 1.24, 1820, 1820
ice_MAG_51, 1465, 0.01, 560.64, 98.3, 1465, 1.11, 1465, 1465
ice_MAG_62, 2502, 0, 105.1, 22.91, 2502, 0.54, 2502, 2502
ice_MAG_76, 2838, 0.27, 659.77, 305.8, 2838, 0.51, 2838, 2838
ice_MAG_79, 2066, 0.01, 499.32, 107.44, 2066, 0.98, 2066, 2066
ice_MAG_83, 1407, 0.01, 335.72, 78.71, 1407, 1.1, 1407, 1407
ice_MAG_89, 1783, 0, 161.3, 38.7, 1783, 0.83, 1783, 1783
ice_MAG_94, 1466, 0.01, 376.13, 42.31, 1466, 1.02, 1466, 1466
river_bin_metabat_1523, 1293, 0.03, 415.82, 138.85, 1293, 1.21, 1293, 1293
river_bin_metabat_1556, 1597, 0.03, 556.92, 130.02, 1597, 1.8, 1597, 1597
river_metabat_ad.2212, 1734, 0.12, 395.19, 328.99, 1734, 0.94, 1734, 1734
river_metabat_ad.2894, 1380, 0, 210.05, 102.19, 1380, 0.59, 1380, 1380
river_metabat_ad.3037, 1656, 0.05, 215.34, 87.59, 1656, 1.02, 1656, 1656
river_metabat_ad.481, 1215, 0.1, 459.05, 137.04, 1215, 1.74, 1215, 1215
river_metabinner_orig_365, 1429, 0.04, 268.5, 114.63, 1429, 1.16, 1429, 1429
uncultured_Polaromonas_sp._GCA_946479075.1, 2162, 0.18, 931.61, 317.79, 2162, 2.02, 2162, 2162
