node	GFS	Glacier	Groundwater	Lake water	Other	River	Soil	Wetland
Node_2021_ZJZB_W3_bin.50.purify_GL53_Up_metabat_123_sub_0	0.9288603499943361	0.001008816820108506	0.010303345975469464	0.052055582749663085	8.564344754523341e-05	0.0004049866629061255	0.003906705994256423	0.0033745683557151176
Node_Polaromonas_sp._A23_GCA_002001015.1_2020_CESD_W_2_bin.155.purify_0	0.5826502545410895	0.0029864638192205967	0.06114497516954064	0.31013419060696334	0.00032049166822090537	0.0015247718432011234	0.02163726484133749	0.019601587510426538
Node_2021_ZJZB_W3_bin.50.purify_Polaromonas_vacuolata_KCTC_22033_GCA_012584515.1_0	0.9985915402827887	0.00028854564248494515	0.0001410567661866289	0.0007077495385403544	1.2679602645520766e-06	8.746900313201204e-06	0.00021498920986582137	4.610369955585545e-05
Node_Polaromonas_sp._A23_GCA_002001015.1_Polaromonas_sp._LC052_GCA_036676035.1_0	0.4961658224142849	0.00624525033255339	0.1547973591368977	0.26617769771595146	0.0006990744601383907	0.003261887762526709	0.05475000646975877	0.017902901707888597
Node_2020_CESD_W_2_bin.155.purify_Polaromonas_sp._EUL_162_GCA_040400935.1_0	0.09481817679911204	0.0013714792252684268	0.011199847230867418	0.8363125671528449	0.00014219263098641554	0.0007824161326077832	0.003931461492867074	0.05144185933544602
Node_GL53_Up_metabat_123_sub_MAG_190624KS2_metabat2_bin.60_0	0.9967111969902095	0.0023449294025682586	0.00011375938138554655	0.0005296527983790593	7.583884891200057e-06	5.837183820835252e-05	0.00018239489058404965	5.211081377408807e-05
Node_Polaromonas_sp._A23_GCA_002001015.1_Polaromonas_sp._CF318_GCA_000282655.1_0	0.9998163848330228	1.3337371434723002e-05	1.3903891697616815e-06	2.584514939615154e-06	2.3662584391673896e-08	1.6728975506804768e-07	0.00016595035697069014	1.6158212299690737e-07
Node_Polaromonas_sp._A23_GCA_002001015.1_Polaromonas_sp._SMAG_U11085_GCA_035638815.1_0	0.0925314247368206	0.005712860272947119	0.7788782357141607	0.05542780889048056	0.0006537166931103547	0.0030195492097933956	0.058950729811641414	0.0048256746710457835
Polaromonas_sp._LC052_GCA_036676035.1	0.0	0.0	0.0	0.0	0.0	0.0	1.0	0.0
Node_2020_CESD_W_2_bin.155.purify_2021_BC_W20_bin.72.purify_0	0.029294549730279142	0.0013922086768422012	0.004572401764220594	0.8169575077890594	0.00012378389198959303	0.0009309906285936006	0.0015785340374855675	0.14515002348153005
Node_2020_CESD_W_2_bin.155.purify_2021_SLHSD_W5_bin.73.purify_0	0.02357115692285978	0.0010679143096143779	0.0029360403416183157	0.9573753762344712	0.0001190716956173984	0.0005802339070004427	0.0013588633302970238	0.012991343258521477
Node_GL53_Up_metabat_123_sub_GFS_9371_0	0.9995348946105947	0.0003411774102143185	1.3765169435171742e-05	5.017626040464321e-05	3.137018340239034e-06	2.0376210151175825e-05	2.511802904510165e-05	1.1355291814596705e-05
Node_MAG_190624KS2_metabat2_bin.60_river_metabat_ad.481_0	0.09923382959167089	0.8852283172170249	0.0006849827444141114	0.0015317909996384444	0.0003100499783669792	0.010634355351287756	0.0014613346914397112	0.0009153394261572463
Node_2021_ZJZB_W3_bin.50.purify_2020_DQZB_w6_bin.142.purify_0	0.9997852088286331	3.949913505060224e-05	2.376772156728811e-06	2.177737863428584e-06	1.1974992483632882e-06	7.817383067653117e-07	0.00016822799902299938	5.30289717967045e-07
Node_2021_ZJZB_W3_bin.50.purify_2020_CJH_W1_bin.104.purify_0	0.9997902934625921	8.44295692366815e-06	9.164731921884836e-07	1.6550781334573728e-06	4.8821389182138725e-08	1.5908003307384874e-06	0.00019685852843113788	1.938790075394836e-07
Node_Polaromonas_sp._A23_GCA_002001015.1_Polaromonas_sp._E19_concoct.bin.13_sub_GCA_030646735.1_0	0.0014566838052508097	0.0001156799392446924	0.9849929510179484	0.005926878436664942	1.2934843522107334e-05	5.971546547947048e-05	0.007351785229906849	8.33712619826559e-05
Polaromonas_sp._SMAG_U11085_GCA_035638815.1	0.0	0.0	0.0	0.0	0.0	0.0	1.0	0.0
Node_2020_CESD_W_2_bin.155.purify_river_metabat_ad.2212_0	0.0029460671493927865	0.003780833356928621	0.0011783716084391178	0.046610487875184146	0.00043321034595320197	0.025124865995115417	0.0020761614405189715	0.9178500022284677
Node_2021_BC_W20_bin.72.purify_2021_SD_W41_bin.130.purify_0	0.002227002029698296	0.0011189168021169124	0.001853554960447225	0.8537331896657029	2.6516346790303917e-05	0.0001489186566493027	0.00019795465928485866	0.1406939468793101
Polaromonas_sp._EUL_162_GCA_040400935.1	0.0	0.0	0.0	1.0	0.0	0.0	0.0	0.0
Node_2021_SLHSD_W5_bin.73.purify_Polaromonas_sp._ME2016_07_29_3300044622_group7_bin1_GCA_044352025.1_0	0.00024745203550968585	3.838244101724122e-05	3.6497758941273575e-05	0.9993429132284982	4.379278188670718e-06	2.172184829584873e-05	2.852548290305939e-05	0.0002801279266459012
Node_GL53_Up_metabat_123_sub_Polaromonas_sp._VAR_87_metabat_250_GCA_031427595.1_0	0.9995282549134018	0.00034524245693160085	1.165241080338455e-05	3.1058107104543076e-05	4.47668978118808e-06	4.179553562884544e-05	2.376373172097463e-05	1.3756154627556251e-05
GFS_9371	1.0	0.0	0.0	0.0	0.0	0.0	0.0	0.0
Node_MAG_190624KS2_metabat2_bin.60_ice_MAG_200_0	0.06349129046531513	0.9256925723579659	0.0005341024623484287	0.0011904864479300198	0.0002423775955563925	0.006993734358874321	0.0011403024384584572	0.0007151338735513493
Node_river_metabat_ad.481_MAG_1811ZXGI1_metabat2_bin.10_0	0.08261420414203798	0.8725263265500841	0.0017321684330780824	0.003826289823782599	0.0007915871004604182	0.032471835452282466	0.00370574362220193	0.0023318448760723857
Node_MAG_1906TGLS_vamb_S1C9042_ice_MAG_100_0	0.8948417697494855	0.0740349109310107	0.0014313678801823682	0.00314053064420341	0.0006571835843468936	0.0030238179479668255	0.02093915949778682	0.001931259765017526
Node_2021_ZJZB_W3_bin.50.purify_Polaromonas_sp._338R_metabinner_90_sub_GCA_025362825.1_0	0.9998489429420676	2.480208124594235e-05	3.0099716705155342e-06	8.295113500883673e-07	2.265873849552928e-06	4.3071252984405477e-07	0.00011943515038331142	2.837569029856984e-07
Node_2021_ZJZB_W3_bin.50.purify_Polaromonas_sp._A23_GCA_002001015.1_0	0.9496602437818991	0.0003535966716506832	0.00010640961108148057	0.00020360536246292506	3.720453406764765e-05	0.00017233250762552622	0.04935709017380483	0.00010951735740782106
Node_2020_CJH_W1_bin.104.purify_Polaromonas_sp._OTE_51_metabat_360_GCA_031370115.1_0	0.9998696390717037	9.820677972197552e-06	1.199366162229911e-06	2.531225252353371e-06	4.4389525606846424e-07	5.656436753648428e-05	5.84807152609232e-05	1.3206808559963456e-06
Node_Polaromonas_sp._A23_GCA_002001015.1_GLR68_GL53_UP_2_metabat_54_0	1.4131065706612976e-05	7.511652434140156e-06	0.998089321166917	0.0004020656864603301	1.903411701630429e-07	8.778428211107838e-07	0.0014850220565360177	8.801879547789353e-07
Node_Polaromonas_sp._E19_concoct.bin.13_sub_GCA_030646735.1_Polaromonas_sp._SM01_GCA_033446725.1_0	0.00140290588634125	0.0001372367418892493	0.9848763268837949	0.00599576353816881	1.5432761414848e-05	7.121981675689734e-05	0.007412366018277828	8.874835335617353e-05
Node_2020_CESD_W_2_bin.155.purify_2020_HHSD3_W1_bin.46.purify_0	2.30133287074634e-06	3.1116942191808327e-06	9.517275435048958e-07	4.604657012027472e-05	3.5669618816796833e-07	9.111817061059766e-05	1.7051594324504583e-06	0.9998544086490151
river_metabat_ad.2212	0.0	0.0	0.0	0.0	0.0	1.0	0.0	0.0
Node_2021_BC_W20_bin.72.purify_Polaromonas_sp._EUL_168_GCA_040400815.1_0	0.0010342605099864666	0.010902439849652282	0.005279483628062483	0.8552354026807185	0.00010041096652655581	0.00047159888938882674	0.000493388882230192	0.1264830145934347
Node_2021_SD_W41_bin.130.purify_2020_CN_N_W_2_0m_bin.145.purify_0	0.0008468542651823915	0.0007061875634514832	0.0006869346000601631	0.8505245634369858	4.8134869815603865e-05	0.00023045470376703673	0.0002486767668890241	0.1467081937938486
Node_2021_SLHSD_W5_bin.73.purify_2021_TMRSD_W4_bin.73.purify_0	9.62145357858543e-06	2.0861987100290333e-05	5.4646000781222716e-06	0.998976268033004	2.4010185091969048e-06	1.107638182434382e-05	1.1274634552688576e-05	0.0009630318913527073
Node_Polaromonas_sp._ME2016_07_29_3300044622_group7_bin1_GCA_044352025.1_Polaromonas_sp._ME2016_07_20_3300033996_group7_bin88_GCA_044352515.1_0	5.498542941703223e-05	2.1908348433752748e-05	1.0904453528133662e-05	0.9998200033986551	2.5139864874903052e-06	1.5116168951263855e-05	1.3360353758967352e-05	6.120786076814911e-05
Node_GL53_Up_metabat_123_sub_MAG_1811AZI1_metabat2_bin.86_0	0.9976634328622122	0.0015493545288053862	6.578884434366503e-05	0.00014856583370756167	2.9547993618082127e-05	0.00031588480072333535	0.0001400365078932893	8.738862869658272e-05
Polaromonas_sp._VAR_87_metabat_250_GCA_031427595.1	1.0	0.0	0.0	0.0	0.0	0.0	0.0	0.0
MAG_190624KS2_metabat2_bin.60	0.0	1.0	0.0	0.0	0.0	0.0	0.0	0.0
Node_ice_MAG_200_ice_MAG_33_0	0.0019360385620244914	0.997420430682674	5.065646773604899e-05	0.00011176330093122557	2.3171099871986944e-05	0.00028129494835093464	0.00010840229015841391	6.824264825281013e-05
river_metabat_ad.481	0.0	0.0	0.0	0.0	0.0	1.0	0.0	0.0
MAG_1811ZXGI1_metabat2_bin.10	0.0	1.0	0.0	0.0	0.0	0.0	0.0	0.0
Polaromonas_sp._RYN_579_GCA_028291985.1	0.0	0.0	0.0	0.0	0.0	0.0	1.0	0.0
Node_ice_MAG_100_ice_MAG_15_0	0.4636952002387827	0.48139564230864706	0.004941431621422473	0.010849866545604684	0.0022684788475741814	0.010450107576018665	0.019725053030748396	0.006674219831201786
Node_2021_ZJZB_W3_bin.50.purify_GL72_UP_metabinner_127_sub_0	0.9999971140407296	2.471964756401334e-06	1.263367363135039e-08	1.5691161741747996e-08	9.916866646110691e-08	1.464113251298268e-08	2.6264445735050943e-07	9.215422371217929e-09
Node_MAG_1906TGLS_vamb_S1C9042_Polaromonas_sp._RYN_579_GCA_028291985.1_0	0.9950620180875468	0.001230891437578356	0.0009592539919116001	0.00018466430165396452	0.0010142575763832154	0.00017752203300834722	0.0012580057635319026	0.0001133868083859156
Polaromonas_sp._VAR_34_metabat_240_GCA_031409395.1	1.0	0.0	0.0	0.0	0.0	0.0	0.0	0.0
Node_2021_ZJZB_W3_bin.50.purify_Polaromonas_sp._VAR_34_metabat_240_GCA_031409395.1_0	0.02877480968534758	0.0006807544293140403	0.000537214836800952	0.0005908235030808482	2.1586912013373523e-05	9.949051785374534e-05	0.9692317944513943	6.352566419505755e-05
Node_2020_CJH_W1_bin.104.purify_Polaromonas_sp._CAN_BIN17_GCA_026786065.1_0	0.9985711131034806	7.806141618932736e-05	2.725428761662227e-06	5.973073642070009e-06	1.2387673640099258e-06	0.0013249163831037143	1.2324762484227611e-05	3.6470649745123838e-06
Polaromonas_sp._OTE_51_metabat_360_GCA_031370115.1	1.0	0.0	0.0	0.0	0.0	0.0	0.0	0.0
Node_Polaromonas_sp._A23_GCA_002001015.1_Polaromonas_sp._C15_concoct.bin.134_GCA_030680935.1_0	8.941549753397387e-06	0.00011396037372515076	0.9978328619072939	0.0003954557091271028	1.3251727477849007e-06	6.106171323920793e-06	0.0016373370332828248	4.012082745854732e-06
Node_GLR68_GL53_UP_2_metabat_54_Polaromonas_sp._E1_concoct.bin.27_sub_GCA_030655465.1_0	1.727063158657985e-05	2.0742785535720448e-05	0.9985259500944305	0.00033149416082527285	1.5338126205144159e-06	7.067416187530425e-06	0.0010913486885898154	4.592410224022149e-06
Node_Polaromonas_sp._E19_concoct.bin.13_sub_GCA_030646735.1_Polaromonas_sp._E1_concoct.bin.12_GCA_030655515.1_0	0.00022910625158440603	0.00017902722876594833	0.9976092832075604	0.0008160081286872505	2.0563119848623375e-05	9.476040447223135e-05	0.000985488042954399	6.576361612686211e-05
Node_Polaromonas_sp._SM01_GCA_033446725.1_Polaromonas_sp._UC242_47_UC242_47_GCA_044452385.1_0	0.010439781513819416	0.026490471730694378	0.5887926928775108	0.17359587095087073	0.0030490172090078204	0.014048753905347502	0.17458527376766622	0.008998138045083117
Node_2020_HHSD3_W1_bin.46.purify_2021_CBL_W2_bin.78.purify_0	2.648388750360249e-07	4.150711192749194e-07	1.207698499783677e-07	1.4849592736728836e-05	4.763334003663837e-08	8.929294065193225e-06	2.2623649563730696e-07	0.9999751465635182
Node_2020_CESD_W_2_bin.155.purify_2020_SQ_W_1_bin.87.purify_0	1.1388342448860123e-06	2.5149272965835305e-06	6.634082391306405e-07	9.866261053875516e-06	2.8920183285218275e-07	9.738461961201685e-05	1.357330869100177e-06	0.9998867854168517
Node_2021_BC_W20_bin.72.purify_2021_SD_W41_bin.52.purify_0	0.0012251294470694645	0.03188825441380227	0.012960457367919852	0.8197286077777968	0.00022073697687845242	0.0010236494777761426	0.0010483246139742868	0.13190483992478272
Polaromonas_sp._EUL_168_GCA_040400815.1	0.0	0.0	0.0	1.0	0.0	0.0	0.0	0.0
Node_2021_SD_W41_bin.130.purify_Polaromonas_sp._ME2014_05_28_3300035212_group5_bin114_GCA_044362035.1_0	0.0004087267090343456	0.0010227588662038846	0.0002880324447280543	0.4193861702954566	0.00011567287478260688	0.0005335126403666214	0.0005412756427929533	0.5777038505266349
Node_2020_CN_N_W_2_0m_bin.145.purify_Polaromonas_sp._YR568_GCA_945871335.1_0	9.8700390542838e-05	0.00021958767739711207	7.130250761812978e-05	0.9946201432129868	2.4219913446317727e-05	0.00011187209097310588	0.00011378816187007214	0.004740386045165658
Node_2021_SLHSD_W5_bin.73.purify_2020_JNYC_20W_1_60m_1_bin.131.purify_0	0.00016798121710607966	0.0004601838793335921	0.00011544731346721472	0.9626584505136737	5.297019052819604e-05	0.00024406950254389416	0.0002472024278744468	0.03605369495547283
Node_2021_TMRSD_W4_bin.73.purify_2020_CRC_20W_1_5m_1_bin.1.purify_0	1.9566206466500908e-06	4.942183798080345e-06	1.2574169925705602e-06	0.999450280443953	5.688524989594346e-07	2.62209712751507e-06	2.660019367300955e-06	0.0005357123656159188
Node_Polaromonas_sp._ME2016_07_29_3300044622_group7_bin1_GCA_044352025.1_Polaromonas_sp._Sample_102_S76_bin_189_GCA_040381515.1_0	2.2594429873046015e-05	4.4928597901008937e-05	1.1984264978825525e-05	0.9997913366370401	5.170547718828536e-06	7.727771775643106e-05	2.4344634675553177e-05	2.236317005610735e-05
Polaromonas_sp._ME2016_07_20_3300033996_group7_bin88_GCA_044352515.1	0.0	0.0	0.0	1.0	0.0	0.0	0.0	0.0
Node_GL53_Up_metabat_123_sub_river_metabat_ad.2894_0	0.9985972853481758	0.00027307951818255857	3.287681578345471e-05	7.264836359088783e-05	1.5020483784812395e-05	0.0008945095784304333	7.033013283469168e-05	4.424975921731365e-05
MAG_1811AZI1_metabat2_bin.86	0.0	1.0	0.0	0.0	0.0	0.0	0.0	0.0
Node_ice_MAG_200_ice_MAG_83_0	0.0014542925366162745	0.9975859710146933	9.023823381789694e-05	0.00019853242009030495	4.136579116724037e-05	0.0003146029138304308	0.00019322796782111676	0.00012176912196343209
Node_ice_MAG_33_ice_MAG_154_0	0.0010607661039715181	0.9976888839220963	0.00012611175435885445	0.0002771846126391675	5.78539700201485e-05	0.0003488190560574609	0.0002701040418707818	0.00017027653898568935
ice_MAG_100	0.0	1.0	0.0	0.0	0.0	0.0	0.0	0.0
ice_MAG_15	0.0	1.0	0.0	0.0	0.0	0.0	0.0	0.0
Node_2020_DQZB_w6_bin.142.purify_GL54_UP_metabat_59_0	0.9999995278293878	2.315131653214655e-07	1.4717001855199879e-08	3.2233998200167394e-08	7.4080518938977555e-09	1.2249982487034172e-07	3.317203667613759e-08	3.062653351454737e-08
Node_2021_ZJZB_W3_bin.50.purify_ice_MAG_28_0	0.999793552211716	0.00019056775438691073	8.183702140138663e-07	1.79036576411656e-06	8.560775426138303e-06	1.7242346714068827e-06	1.8851409349015463e-06	1.1011468865301924e-06
Node_MAG_1906TGLS_vamb_S1C9042_Polaromonas_sp._RYN_586_GCA_028291865.1_0	0.9059056937682125	0.023594211822759673	0.019017743558037686	0.0033486221707084898	0.020217588439663887	0.003225112337682394	0.02263122700514155	0.0020598008977938294
Polaromonas_sp._338R_metabinner_90_sub_GCA_025362825.1	1.0	0.0	0.0	0.0	0.0	0.0	0.0	0.0
Node_2021_ZJZB_W3_bin.50.purify_Polaromonas_sp._P1_28__8_GCA_024703835.1_0	0.0009238951464849254	3.122330808072395e-05	2.2186255687932087e-05	2.0255989622052424e-06	1.1872268784478836e-07	5.464829898560567e-07	0.9990196560224783	3.4846262822893113e-07
Node_Polaromonas_sp._CF318_GCA_000282655.1_Polaromonas_sp._E1_maxbin.018_sub_GCA_030655375.1_0	0.02403686661728161	0.001682372691398455	0.001370485228784476	0.001518009782779344	4.7565859519356035e-05	0.00021918699126886765	0.9709855374779259	0.00013997535104191225
Node_2020_CJH_W1_bin.104.purify_MAG_KQGRSC.20.08_vamb_bins_S1C4378_0	0.9951675082650436	0.0011286999268250984	6.078158513777448e-05	0.0001334686597588328	2.7896230940046585e-05	0.003266008166316995	0.00013354441829659222	8.209274768109501e-05
Node_Polaromonas_sp._CAN_BIN17_GCA_026786065.1_river_metabinner_orig_365_0	0.9930597118717625	0.0007925476339581916	6.161203039019036e-05	0.00013528943053649182	2.8274476899955087e-05	0.005702472682120463	0.00013688563743892304	8.32062368932371e-05
Node_Polaromonas_sp._A23_GCA_002001015.1_Polaromonas_sp._C13_concoct.bin.116_GCA_030679725.1_0	0.00010616297850274218	0.00035540623331457584	0.9875244739200735	0.002366400471569016	3.250964328010401e-05	0.00014979202488075478	0.00936950660100752	9.574812737176523e-05
Node_Polaromonas_sp._C15_concoct.bin.134_GCA_030680935.1_ice_MAG_153_0	0.00015216241221761978	0.006723812473734051	0.9911106503545176	0.00045000569169451776	4.726547489720126e-05	0.00021778113027968253	0.001159166867308416	0.00013915559535089886
Node_GLR68_GL53_UP_2_metabat_54_Polaromonas_sp._concoct.226.WLB_GCA_041689105.1_0	0.0002392957723096436	0.0003404939773489177	0.9955860931974321	0.0014637524168427496	2.33519839175159e-05	0.0001075970058015245	0.0021706469731589146	6.87686731888096e-05
Polaromonas_sp._E1_concoct.bin.27_sub_GCA_030655465.1	0.0	0.0	1.0	0.0	0.0	0.0	0.0	0.0
Polaromonas_sp._E19_concoct.bin.13_sub_GCA_030646735.1	0.0	0.0	1.0	0.0	0.0	0.0	0.0	0.0
Polaromonas_sp._E1_concoct.bin.12_GCA_030655515.1	0.0	0.0	1.0	0.0	0.0	0.0	0.0	0.0
Polaromonas_sp._SM01_GCA_033446725.1	0.0	0.0	0.0	1.0	0.0	0.0	0.0	0.0
Polaromonas_sp._UC242_47_UC242_47_GCA_044452385.1	0.0	0.0	0.0	0.0	0.0	0.0	1.0	0.0
Node_2020_CESD_W_2_bin.155.purify_Polaromonas_sp._EUL_161_GCA_040400945.1_0	8.694400872610186e-06	2.3817185929684727e-05	5.975973692775544e-06	0.00020552364744515445	2.7414847171939132e-06	1.471320757522206e-05	1.279403710316546e-05	0.9997257400626642
Node_2021_CBL_W2_bin.78.purify_2020_YBJSD_W_1_bin.84.purify_0	3.995324773268953e-06	1.0962228286641075e-05	2.749594299874153e-06	6.8210059673563965e-06	1.2618188704460143e-06	6.2815615626786956e-06	5.888468601556212e-06	0.9999620399976381
Node_2020_HHSD3_W1_bin.46.purify_2021_SD_W73_bin.75.purify_0	3.1906661795668603e-06	8.715421115034395e-06	2.1881262529851783e-06	5.5223802801751295e-06	1.003179743938912e-06	0.00011324145573147598	4.681984373364594e-06	0.9998614567863234
Node_2020_SQ_W_1_bin.87.purify_2021_SLHSD_W2_bin.84.purify_0	0.0004897136376058428	0.0013454755311230206	0.00033738094319311343	0.0007441743328052176	0.00015487322160185786	0.017800801198258127	0.0007227162892404304	0.9784048648461724
Node_2021_BC_W20_bin.72.purify_Polaromonas_sp._bin.87_GCA_013205645.1_0	0.0016190578228150725	0.1536839820938948	0.006000326232726302	0.7798904940513198	0.0004448839293731177	0.0020525048967309557	0.0020834045699795823	0.054225346403160256
Node_2021_SD_W41_bin.52.purify_Polaromonas_sp._E10_concoct.bin.55_GCA_030654695.1_0	0.004130495155177157	0.03480485529977864	0.07585205487432996	0.6788184824336688	0.0011693627718397054	0.005393380085272841	0.005471826680202079	0.1943595426997307
Node_2021_SD_W41_bin.130.purify_2021_SD_W63_bin.39.purify_0	0.0003442669005340813	0.0008808434591312878	0.00024137046519809457	0.2724067375409181	0.00010005774311599214	0.00046137584769645343	0.0004678852311435854	0.7250974628122623
Polaromonas_sp._ME2014_05_28_3300035212_group5_bin114_GCA_044362035.1	0.0	0.0	0.0	1.0	0.0	0.0	0.0	0.0
Node_2020_CN_N_W_2_0m_bin.145.purify_Polaromonas_sp._ME2015_05_09_3300035438_group6_bin58_GCA_044357185.1_0	2.1646590572194157e-06	5.38360863383908e-06	1.5275571056470008e-06	0.99993180542418	6.081382391102211e-07	2.805085221550635e-06	2.8462488581226147e-06	5.2859278704492254e-05
Polaromonas_sp._YR568_GCA_945871335.1	0.0	0.0	0.0	1.0	0.0	0.0	0.0	0.0
Node_2021_SLHSD_W5_bin.73.purify_2020_ZJZBSD_04_3_bin.62.purify_0	3.307077514816882e-05	9.086734700711004e-05	2.2784737938278965e-05	0.006820993770634379	1.0459445537912418e-05	4.8193089597396496e-05	4.880895014086772e-05	0.9929248218839959
Node_2020_JNYC_20W_1_60m_1_bin.131.purify_2020_JNYC_20W_1_100m_1_bin.31.purify_0	4.345946703526577e-07	1.1935106296401962e-06	2.992950300371983e-07	0.9999775697719143	1.37381099959943e-07	6.330005702784967e-07	6.410958943955194e-07	1.9091350190892405e-05
Node_2021_TMRSD_W4_bin.73.purify_Polaromonas_sp._ME_04may21_LR_166_GCA_964203505.1_0	6.326967235616013e-05	0.0001737204113477618	4.356508270896534e-05	0.9966528881808363	1.9996385537610442e-05	9.213592638236432e-05	9.331458797986763e-05	0.0028611097528508816
Node_2020_CRC_20W_1_5m_1_bin.1.purify_2020_SLC_w_7_bin.196.purify_0	2.2957539346534305e-06	6.30331597618285e-06	1.5807336489863642e-06	0.9999736713908537	7.255539731276241e-07	3.343083947959104e-06	3.3858525148063423e-06	8.694315150578326e-06
Node_Polaromonas_sp._ME2016_07_29_3300044622_group7_bin1_GCA_044352025.1_Polaromonas_sp._ME2015_10_15_3300034096_group6_bin145_GCA_044355135.1_0	5.2887087349706926e-05	0.00014251758258835903	3.585311272221251e-05	0.998517146100795	1.640456735805689e-05	0.0011091575271797757	7.658711750253874e-05	4.944690450433689e-05
Polaromonas_sp._Sample_102_S76_bin_189_GCA_040381515.1	0.0	0.0	0.0	1.0	0.0	0.0	0.0	0.0
Node_GL53_Up_metabat_123_sub_GL51_DN_concoct_96_0	0.9997446761051316	5.074214943723446e-05	6.4913521804438656e-06	1.4333926428621207e-05	2.967326599966264e-06	0.00015816006893921175	1.3888523992766149e-05	8.740547290132578e-06
river_metabat_ad.2894	0.0	0.0	0.0	0.0	0.0	1.0	0.0	0.0
ice_MAG_200	0.0	1.0	0.0	0.0	0.0	0.0	0.0	0.0
ice_MAG_83	0.0	1.0	0.0	0.0	0.0	0.0	0.0	0.0
ice_MAG_33	0.0	1.0	0.0	0.0	0.0	0.0	0.0	0.0
ice_MAG_154	0.0	1.0	0.0	0.0	0.0	0.0	0.0	0.0
Node_2020_DQZB_w6_bin.142.purify_GFS_8810_0	0.9999708979983515	4.1689486344701355e-06	2.9652838752744773e-07	6.511607949956944e-07	1.3618603972788988e-07	2.0469994063040426e-05	6.353796857393555e-07	2.7438040431022587e-06
Node_2020_DQZB_w6_bin.142.purify_MAG_RWS.20.06_metabat2_bin.39_0	0.9998723720438193	8.359389416343428e-05	4.748644222590377e-06	1.0427867360650803e-05	2.1802142349440865e-06	1.0084289178783294e-05	1.0173320316845469e-05	6.419726703430431e-06
Node_2021_ZJZB_W3_bin.50.purify_ice_MAG_30_0	0.8020899249361106	0.1840537203402785	0.0006382074570224996	0.0014014815757584073	0.008237303497673903	0.001349921952055217	0.0013672810676859145	0.0008621591734149253
Node_GL72_UP_metabinner_127_sub_Polaromonas_sp._VAR_69_concoct_353_sub_GCA_031424555.1_0	0.9998342816395636	0.0001509552009506431	8.886167021724592e-07	1.9460637093002214e-06	6.849731264477498e-06	1.8742610380082718e-06	2.0075058663345295e-06	1.196980905476123e-06
Polaromonas_aquatica_CCUG_39402_GCA_042659145.1	0.0	0.0	0.0	0.0	1.0	0.0	0.0	0.0
Node_MAG_1906TGLS_vamb_S1C9042_Polaromonas_aquatica_CCUG_39402_GCA_042659145.1_0	0.8797935177534231	0.0320597173969095	0.02598471015455463	0.004449996277330927	0.019868147829432893	0.0042859771564424595	0.030820586621587043	0.002737346810319393
Node_2021_ZJZB_W3_bin.50.purify_Polaromonas_jejuensis_NBRC_106434_ena_yuan_GCF_001598235.1_GCA_963869285.1_0	0.0006983586783219822	0.0002652654863631888	8.67896889273228e-05	3.55409045753285e-06	3.1624904965560867e-07	1.4462879127793415e-06	0.9989433551564535	9.143625140186821e-07
Node_Polaromonas_sp._P1_28__8_GCA_024703835.1_Polaromonas_sp._P1_28__13_GCA_024703815.1_0	0.0008001508666291775	1.5506185486623972e-05	9.331717249294785e-06	2.787509823314695e-06	4.6718413919318043e-07	2.1523965195735032e-06	0.9991682296746668	1.3744654860440905e-06
Node_Polaromonas_sp._CF318_GCA_000282655.1_Polaromonas_sp._cluster3_bin.188_GCA_039932935.1_0	0.00021152987765604548	3.2740190049167716e-05	1.6293319568759277e-05	2.306939050144405e-05	2.5237248880073486e-06	1.1628532010051941e-05	0.9996947882467799	7.426718546729594e-06
Node_Polaromonas_sp._CF318_GCA_000282655.1_Polaromonas_sp._YR568_JJ_MO2C4_301_2_mx_bin692_GCA_943372955.1_0	0.024247047221212875	0.032905178045933126	0.027247373279817567	0.030339640882611717	0.0008689048453261758	0.004003596064095036	0.8778312815709336	0.0025569780900698436
Node_2020_CJH_W1_bin.104.purify_Polaromonas_sp._OTE_14_metabat.17_GCA_031365885.1_0	0.9978978177617485	3.903815483181532e-05	4.300192921027803e-06	9.442960710255783e-06	1.9739037808467645e-06	0.0020323239368409914	9.294344588438829e-06	5.808744578122252e-06
Node_MAG_KQGRSC.20.08_vamb_bins_S1C4378_river_bin_metabat_1556_0	0.7462547245790174	0.11271855701354085	0.004953365885311295	0.010877458194196955	0.002273904111638499	0.10561680199219496	0.010613635533160762	0.006691552690939319
Node_Polaromonas_sp._CAN_BIN17_GCA_026786065.1_Polaromonas_sp._OTE_21_concoct_200_GCA_031364265.1_0	0.9927040364152286	0.003359642179385091	0.00015163388578964956	0.0003329799924852732	6.960531858820479e-05	0.002850213918775613	0.0003270560309800288	0.00020483225876739893
Node_river_metabinner_orig_365_river_bin_metabat_1523_0	0.38768235897079095	0.012469806712876737	0.0030737954932322704	0.006749971543476355	0.0014110633129149326	0.5778739734278167	0.006586610625080246	0.004152419913811884
Node_Polaromonas_sp._A23_GCA_002001015.1_Polaromonas_sp._cluster3_bin.291_GCA_039930745.1_0	0.0028899686227415633	0.007964267165946285	0.354524065589532	0.005160288808546176	0.0009137420962220821	0.004210169010888879	0.621648547234259	0.00268895147186411
Node_Polaromonas_sp._C13_concoct.bin.116_GCA_030679725.1_Polaromonas_sp._ME2015_05_19_3300034121_group6_bin52_GCA_044349845.1_0	4.174562700480163e-05	0.00011713241694325557	0.978828289839628	0.02048896511409879	1.3163895112851393e-05	6.0654127331611366e-05	0.00041130776802300405	3.8741211857827153e-05
Node_Polaromonas_sp._C15_concoct.bin.134_GCA_030680935.1_Polaromonas_sp._C18_concoct.bin.138_GCA_030694565.1_0	1.4644897203756173e-06	1.534231900506903e-05	0.9999727960665119	2.6103748054423604e-06	4.6167946892638195e-07	2.1272401046205862e-06	3.839102810163979e-06	1.3587275734890256e-06
Node_ice_MAG_153_ice_MAG_206_0	0.0002602251981131293	0.9870216953442047	0.011223649116068699	0.00039619514428193765	8.230204705024507e-05	0.0003792158915425744	0.00039452143863178167	0.0002421958201069293
Node_GLR68_GL53_UP_2_metabat_54_Polaromonas_sp._C12_concoct.bin.109_sub_GCA_030683705.1_0	0.0005426474666006371	0.0005092119019991402	0.99430382813264	0.00019481344815547826	8.494909718487973e-06	3.9141261449006416e-05	0.004376858772119946	2.5004107317273225e-05
Polaromonas_sp._concoct.226.WLB_GCA_041689105.1	0.0	0.0	0.0	1.0	0.0	0.0	0.0	0.0
Node_2020_CESD_W_2_bin.155.purify_2021_ZJZB_W23_bin.48.purify_0	3.688830695314995e-06	1.0111480384872237e-05	2.5367299858317584e-06	7.070832975185416e-05	1.1638881093247284e-06	6.067445583111144e-06	5.431584082380092e-06	0.9999002917114073
Polaromonas_sp._EUL_161_GCA_040400945.1	0.0	0.0	0.0	1.0	0.0	0.0	0.0	0.0
Node_2021_CBL_W2_bin.78.purify_2021_CBL_W3_bin.9.purify_0	7.828904285384094e-06	2.1512680698863615e-05	5.394193378697477e-06	1.1886550427909065e-05	2.4762546251894177e-06	1.14341305568181e-05	1.1555411042607817e-05	0.9999279118749846
2020_YBJSD_W_1_bin.84.purify	0.0	0.0	0.0	0.0	0.0	0.0	0.0	1.0
Node_2020_HHSD3_W1_bin.46.purify_2021_BQZBSD_W1+_bin.51.purify_0	1.4800440483446775e-06	4.066475053439549e-06	1.0196726142974584e-06	2.247867474987083e-06	4.6807848588128686e-07	3.4730517466074246e-06	2.1842882962207634e-06	0.9999850605222802
Node_2021_SD_W73_bin.75.purify_2019_zjzb_5_bin.27.purify_0	0.000300941570065198	0.0008269481992104303	0.0002073527204938139	0.0004557369410275381	9.51873167454118e-05	0.01018673180500867	0.0004441903535242846	0.9874829110939248
2020_SQ_W_1_bin.87.purify	0.0	0.0	0.0	0.0	0.0	1.0	0.0	0.0
2021_SLHSD_W2_bin.84.purify	0.0	0.0	0.0	0.0	0.0	0.0	0.0	1.0
Node_2021_BC_W20_bin.72.purify_ice_MAG_25_0	0.0020517246566292943	0.7458812422621359	0.0028127525058151835	0.22577265901715435	0.0006297217327860128	0.0029022730207624177	0.002940694076164826	0.01700893272855201
Polaromonas_sp._bin.87_GCA_013205645.1	0.0	0.0	0.0	1.0	0.0	0.0	0.0	0.0
2021_SD_W41_bin.52.purify	0.0	0.0	0.0	0.0	0.0	0.0	0.0	1.0
Polaromonas_sp._E10_concoct.bin.55_GCA_030654695.1	0.0	0.0	1.0	0.0	0.0	0.0	0.0	0.0
Node_2021_SD_W41_bin.130.purify_2021_SD_W43_bin.42.purify_0	2.1597685604121127e-05	5.89783263388976e-05	1.4905196210574129e-05	0.0015815504513933916	6.781208730536151e-06	3.124716380815245e-05	3.16499062275049e-05	0.9982532900616868
2021_SD_W63_bin.39.purify	0.0	0.0	0.0	0.0	0.0	0.0	0.0	1.0
Node_2020_CN_N_W_2_0m_bin.145.purify_2020_KMC_20W_1_10m_1_bin.19.purify_0	3.0400870252532702e-06	8.344663527166391e-06	2.0953170371385864e-06	0.9999729779536817	9.603351266517157e-07	4.424901758016012e-06	4.481526841469406e-06	3.6752150026415393e-06
Node_Polaromonas_sp._ME2015_05_09_3300035438_group6_bin58_GCA_044357185.1_Polaromonas_sp._ME2017_06_07_3300042514_group7_bin120_GCA_044350025.1_0	7.748863974038141e-06	2.107085164320767e-05	5.353430060692989e-06	0.9999136842288875	2.4208415214347294e-06	1.1155489357649828e-05	1.1300121584133393e-05	2.7266172971269967e-05
2021_SLHSD_W5_bin.73.purify	0.0	0.0	0.0	0.0	0.0	0.0	0.0	1.0
Node_2020_ZJZBSD_04_3_bin.62.purify_2020_CESD_W_2_bin.137.purify_0	2.897321358203306e-06	7.961100470304655e-06	1.996214145233692e-06	0.0004368483512692011	9.163764634878159e-07	4.222308617481617e-06	4.2762631741979716e-06	0.9995408820645019
Node_2020_JNYC_20W_1_60m_1_bin.131.purify_2020_JNYC_20W_1_20m_1_bin.170.purify_0	9.5664775830097e-08	2.628798164871887e-07	6.591533512707293e-08	0.9999990820293284	3.0259244413680196e-08	1.394228629454276e-07	1.4120429393084334e-07	1.8262434290121728e-07
Node_2020_JNYC_20W_1_0m_1_bin.3.purify_2020_JNYC_20W_2_1_bin.98.purify_0	9.077509468517011e-08	2.494204868236813e-07	6.254145608159346e-08	0.9999985526515356	2.8709983178937058e-08	1.322845229846819e-07	1.3397497846777186e-07	7.496419421435593e-07
2021_TMRSD_W4_bin.73.purify	0.0	0.0	0.0	0.0	0.0	0.0	0.0	1.0
Node_Polaromonas_sp._ME_04may21_LR_166_GCA_964203505.1_Polaromonas_sp._YR568_GCA_945878995.1_0	1.0366157857725188e-06	2.8473310273929282e-06	7.139998131172627e-07	0.9999664142186385	3.277469809025967e-07	1.510133899103489e-06	1.529441494040705e-06	2.562051236111872e-05
Node_2020_CRC_20W_1_5m_1_bin.1.purify_2020_CRC_20W_1_0m_1_bin.141.purify_0	3.2740712270029282e-06	8.996197935686902e-06	2.2557655228797108e-06	0.9999707582295138	1.035523169750201e-06	4.771290873701598e-06	4.832261743479214e-06	4.076660013762969e-06
2020_SLC_w_7_bin.196.purify	0.0	0.0	0.0	1.0	0.0	0.0	0.0	0.0
Node_Polaromonas_sp._ME2016_07_29_3300044622_group7_bin1_GCA_044352025.1_icacos_2019_sw_WHONDRS_S19S_0094_B_bin.144_0	0.00041948081405452666	0.0011512484444767066	0.0002887286667386442	0.9804091139955783	0.00013251639250863535	0.016589931371630607	0.0006184040221285393	0.00039057629288420306
Polaromonas_sp._ME2015_10_15_3300034096_group6_bin145_GCA_044355135.1	0.0	0.0	0.0	1.0	0.0	0.0	0.0	0.0
Node_GL53_Up_metabat_123_sub_Polaromonas_sp._OTE_21_metabat_256_GCA_031363755.1_0	0.999830059145623	4.3650392437367125e-05	9.1554814808773e-06	2.0127909509132974e-05	4.19932357051265e-06	6.083973008792152e-05	1.9608001733198938e-05	1.2360015557957729e-05
GL51_DN_concoct_96	1.0	0.0	0.0	0.0	0.0	0.0	0.0	0.0
Node_GFS_8810_2019_bqzb_2_bin.20.purify_0	0.9979803569108796	0.000274860084246836	1.5684616016522587e-05	3.444300336198291e-05	7.200277251335683e-06	0.0014637329213908713	3.359987531460654e-05	0.00019012231153844595
Node_GL54_UP_metabat_59_Polaromonas_sp._VAR_17_metabat_362_GCA_031412235.1_0	0.9995653759082516	0.00012827235722237686	3.1750324963329296e-05	6.972288407084993e-05	1.4575444702250297e-05	7.810269429204102e-05	6.801599194172223e-05	4.4184394555853405e-05
Node_2020_DQZB_w6_bin.142.purify_GL53_Down_metabinner_31_sub_0	0.9999961189072243	2.1390192958159595e-06	1.8795091091265852e-07	4.1274361616020513e-07	8.628751619693859e-08	3.9841117904258624e-07	4.0264606557671804e-07	2.5403419202543335e-07
MAG_RWS.20.06_metabat2_bin.39	0.0	1.0	0.0	0.0	0.0	0.0	0.0	0.0
ice_MAG_28	0.0	1.0	0.0	0.0	0.0	0.0	0.0	0.0
Node_2021_ZJZB_W3_bin.50.purify_MAG_190624KS2_metabat2_bin.31_0	0.7595907038452869	0.21651987426364183	0.0010655714208647972	0.0023399620239829507	0.014507741812543572	0.002253876449781418	0.002282779320459906	0.0014394908634386588
Node_Polaromonas_sp._VAR_69_concoct_353_sub_GCA_031424555.1_Polaromonas_sp._VAR_45_metabat_307_GCA_031419775.1_0	0.9999667042343096	1.2914662565019294e-05	2.1800001479976135e-06	4.787071478659679e-06	1.1851915009666441e-06	4.610952892046543e-06	4.672995885049977e-06	2.944891220680324e-06
GL72_UP_metabinner_127_sub	1.0	0.0	0.0	0.0	0.0	0.0	0.0	0.0
Node_MAG_1906TGLS_vamb_S1C9042_Polaromonas_sp._NC_groundwater_594_Pr5_B_0.1um_59_23_GCA_016185115.1_0	0.6535354569925541	0.13841271648009407	0.11781782188526023	0.01512150195409113	0.017060054460762503	0.014564968231960247	0.03418521699668884	0.009302262998589028
Polaromonas_sp._RYN_586_GCA_028291865.1	0.0	0.0	0.0	0.0	0.0	0.0	1.0	0.0
Node_Polaromonas_sp._C1_concoct.bin.30_sub_GCA_030682935.1_Polaromonas_sp._RGN.1_GCA_012927455.1_0	0.0005153390445998215	0.004467620360128757	0.013995040363842689	0.000173514727255921	3.602721095767826e-05	0.00016599315068182476	0.9805404551120986	0.000106010030434831
Node_Polaromonas_jejuensis_NBRC_106434_ena_yuan_GCF_001598235.1_GCA_963869285.1_Polaromonas_sp._OV174_GCA_900112285.1_0	0.0010507582222074813	0.0009478099113971553	4.522692485674691e-05	5.9263101762220224e-05	3.5578558410321844e-06	1.6120469741037786e-05	0.997867202002025	1.00615121691936e-05
Node_Polaromonas_sp._P1_28__8_GCA_024703835.1_Polaromonas_sp._LC071_GCA_036675725.1_0	0.0003718581940314982	0.0005120261269650932	0.00012965795563904198	0.0002805911993489714	5.8629972041555785e-05	0.0002701441074054197	0.998204558640439	0.00017253380412956046
Node_Polaromonas_sp._P1_28__13_GCA_024703815.1_Polaromonas_sp._VAR_18_metabat_307_GCA_031411155.1_0	0.001228109469944134	0.0001268144762307138	3.657312141732583e-05	6.478257411493763e-05	1.3441296236681333e-05	6.193209491762509e-05	0.9984287927726678	3.955419447075208e-05
Node_Polaromonas_sp._CF318_GCA_000282655.1_Polaromonas_sp._YR568_GCA_900116715.1_0	3.23209330907179e-05	1.9369479843551158e-05	5.8802218554683925e-06	1.1303628254945551e-05	2.0719488522432634e-06	9.546759849983044e-06	0.9999134097813587	6.09724689439676e-06
Node_Polaromonas_sp._cluster3_bin.188_GCA_039932935.1_Polaromonas_sp._cluster4_bin.192_GCA_040004635.1_0	0.0001491107282140947	0.00022916847059702904	6.0123612041877445e-05	0.0001278455507504263	2.5969012116983152e-05	0.00011965519036526925	0.9992117068874271	7.642054848721657e-05
Node_Polaromonas_sp._E1_maxbin.018_sub_GCA_030655375.1_MAG_1908TGLS3_metabat2_bin.36_0	0.0249071623978225	0.0711262546661349	0.059827244379976725	0.03195261091197697	0.001735600932091762	0.007996993336082142	0.7973466775183011	0.005107455857613771
Polaromonas_sp._YR568_JJ_MO2C4_301_2_mx_bin692_GCA_943372955.1	0.0	0.0	0.0	1.0	0.0	0.0	0.0	0.0
Node_2020_CJH_W1_bin.104.purify_Polaromonas_sp._SOY_38_metabat_66_GCA_031396485.1_0	0.9861006478904525	0.00039823501264957414	9.532093800580887e-05	0.0002093221774864626	4.3758221220315616e-05	0.012819680156356698	0.00020426568191350572	0.0001287699219151529
Node_Polaromonas_sp._OTE_14_metabat.17_GCA_031365885.1_Polaromonas_sp._OTE_14_metabat.245_GCA_031365795.1_0	0.999904766200463	3.931531909618606e-06	7.571659347001634e-07	1.662710415169602e-06	3.4758059448115413e-07	8.588652074860515e-05	1.625443087245145e-06	1.022846847363296e-06
MAG_KQGRSC.20.08_vamb_bins_S1C4378	0.0	1.0	0.0	0.0	0.0	0.0	0.0	0.0
river_bin_metabat_1556	0.0	0.0	0.0	0.0	0.0	1.0	0.0	0.0
Polaromonas_sp._CAN_BIN17_GCA_026786065.1	0.0	1.0	0.0	0.0	0.0	0.0	0.0	0.0
Node_Polaromonas_sp._OTE_21_concoct_200_GCA_031364265.1_Polaromonas_sp._VAR_87_metabat_80_GCA_031427075.1_0	0.9972529032277904	0.001189974423823866	8.280436360132635e-05	0.00018183495715549423	3.801112578691274e-05	0.0009645355691028786	0.00017807856701808526	0.00011185776572102045
river_metabinner_orig_365	0.0	0.0	0.0	0.0	0.0	1.0	0.0	0.0
river_bin_metabat_1523	0.0	0.0	0.0	0.0	0.0	1.0	0.0	0.0
Polaromonas_sp._A23_GCA_002001015.1	0.0	0.0	0.0	0.0	0.0	0.0	1.0	0.0
Polaromonas_sp._cluster3_bin.291_GCA_039930745.1	0.0	0.0	0.0	0.0	0.0	0.0	1.0	0.0
Node_Polaromonas_sp._C13_concoct.bin.116_GCA_030679725.1_Polaromonas_sp._YR568_JJ_ME644_99_2_m1_bin335_GCA_943371765.1_0	9.687946985023857e-06	2.7063395298400545e-05	0.9841827876448476	0.015676179296221622	3.056969260217407e-06	1.4085329307933246e-05	7.814293899547247e-05	8.996479083863611e-06
Node_Polaromonas_sp._ME2015_05_19_3300034121_group6_bin52_GCA_044349845.1_Polaromonas_sp._YR568_JJ_MEM5D2_223_4_m1_bin343_GCA_943371715.1_0	0.0011497389694538752	0.003159945266869732	0.20408901770956928	0.7867221224103508	0.0003636648470307636	0.0016756264709148966	0.0017697056509065833	0.001070178674904121
Polaromonas_sp._C15_concoct.bin.134_GCA_030680935.1	0.0	0.0	1.0	0.0	0.0	0.0	0.0	0.0
Node_Polaromonas_sp._C18_concoct.bin.138_GCA_030694565.1_Polaromonas_sp._C4_concoct.bin.81_GCA_030698005.1_0	1.3254829579203424e-07	7.018211337659701e-07	0.9999983495321708	2.1232404565740127e-07	4.1879971712409226e-08	1.929666640921304e-07	2.4568158651516655e-07	1.2324613168845204e-07
Node_ice_MAG_206_ice_MAG_79_0	0.0002404306829314046	0.9882422358614499	0.01013684948386736	0.00036600613901023344	7.60417916986541e-05	0.00035037106443621454	0.00036429165005174945	0.0002237733265545945
ice_MAG_79	0.0	1.0	0.0	0.0	0.0	0.0	0.0	0.0
Node_GLR68_GL53_UP_2_metabat_54_Polaromonas_eurypsychrophila_CGMCC_1.15322_GCA_014641715.1_0	0.0015881398028278343	0.0014854450449301442	0.9923314437904862	0.0002547727484068683	2.3295104131762888e-05	0.0001073348120241174	0.004141011578953778	6.855711823929073e-05
Node_Polaromonas_sp._C12_concoct.bin.109_sub_GCA_030683705.1_uncultured_Polaromonas_sp._GCA_946479075.1_0	0.000259893716351154	0.0003419494853937323	0.9763744772115124	0.00015584863529093782	2.0362351359958976e-05	9.382181752055743e-05	0.02269372315171818	5.9923630853033314e-05
Node_2020_CESD_W_2_bin.155.purify_2021_SD_W62_bin.48.purify_0	9.29403069672772e-06	2.5538441960614887e-05	6.403642395031164e-06	1.7244115140274532e-05	2.9396468071009132e-06	1.3579175154942262e-05	1.3717827246821608e-05	0.9999112831205986
2021_ZJZB_W23_bin.48.purify	0.0	0.0	0.0	0.0	0.0	0.0	0.0	1.0
2021_CBL_W2_bin.78.purify	0.0	0.0	0.0	0.0	0.0	0.0	0.0	1.0
2021_CBL_W3_bin.9.purify	0.0	0.0	0.0	0.0	0.0	0.0	0.0	1.0
2020_HHSD3_W1_bin.46.purify	0.0	0.0	0.0	0.0	0.0	0.0	0.0	1.0
Node_2021_BQZBSD_W1+_bin.51.purify_2020_ZJZBSD_01_1_bin.11.purify_0	2.464402497759874e-06	6.772022064688264e-06	1.6980385251255758e-06	3.7298273863513813e-06	7.795055033812362e-07	3.7398919626097915e-06	3.6375500211433806e-06	0.999977178762039
2021_SD_W73_bin.75.purify	0.0	0.0	0.0	0.0	0.0	0.0	0.0	1.0
2019_zjzb_5_bin.27.purify	0.0	0.0	0.0	0.0	0.0	1.0	0.0	0.0
2021_BC_W20_bin.72.purify	0.0	1.0	0.0	0.0	0.0	0.0	0.0	0.0
ice_MAG_25	0.0	1.0	0.0	0.0	0.0	0.0	0.0	0.0
Node_2021_SD_W41_bin.130.purify_2021_SD_W42_bin.54.purify_0	1.0160334915738549e-05	2.7781737191951337e-05	7.009635800652685e-06	0.0005930717099792342	3.195032865391172e-06	1.4722212088614463e-05	1.4911621977427204e-05	0.9993291477151809
2021_SD_W41_bin.130.purify	0.0	0.0	0.0	0.0	0.0	0.0	0.0	1.0
Node_2020_CN_N_W_2_0m_bin.145.purify_2020_YZYC_20W_1_25m_1_bin.128.purify_0	2.0792463452533123e-08	5.713218802077678e-08	1.4326982134035973e-08	0.9999998203985325	6.576203260039405e-09	3.0300617870769466e-08	3.068781125057672e-08	1.9785201595049363e-08
2020_KMC_20W_1_10m_1_bin.19.purify	0.0	0.0	0.0	1.0	0.0	0.0	0.0	0.0
Polaromonas_sp._ME2015_05_09_3300035438_group6_bin58_GCA_044357185.1	0.0	0.0	0.0	1.0	0.0	0.0	0.0	0.0
Polaromonas_sp._ME2017_06_07_3300042514_group7_bin120_GCA_044350025.1	0.0	0.0	0.0	1.0	0.0	0.0	0.0	0.0
Node_2020_ZJZBSD_04_3_bin.62.purify_2020_ZJZBSD_04_1_bin.130.purify_0	1.3131846228831855e-06	3.608554823405235e-06	9.048198911363157e-07	2.3304487013569567e-05	4.1536906160790525e-07	1.913859498417113e-06	1.938313028008443e-06	0.999966601412061
2020_CESD_W_2_bin.137.purify	0.0	0.0	0.0	0.0	0.0	0.0	0.0	1.0
Node_2020_JNYC_20W_1_60m_1_bin.131.purify_2020_JNYC_20W_1_40m_1_bin.103.purify_0	2.2963603533989908e-07	6.310313646301894e-07	1.582264964417842e-07	0.9999980061929636	7.263597746813417e-08	3.346783940722442e-07	3.389545555308027e-07	2.2864421298014486e-07
2020_JNYC_20W_1_20m_1_bin.170.purify	0.0	0.0	0.0	1.0	0.0	0.0	0.0	0.0
Node_2020_JNYC_20W_1_60m_1_bin.131.purify_2020_JNYC_20W_1_0m_1_bin.3.purify_0	4.162123798271754e-08	1.143735627611355e-07	2.867833656737387e-08	0.9999996369659012	1.3165170530037064e-08	6.06599965438194e-08	6.143504556927713e-08	4.3100748812166314e-08
2020_JNYC_20W_1_40m_1_bin.103.purify	0.0	0.0	0.0	1.0	0.0	0.0	0.0	0.0
Node_Polaromonas_sp._ME_04may21_LR_166_GCA_964203505.1_Polaromonas_sp._YR568_GCA_945867705.1_0	6.78946914524176e-07	1.865484376583345e-06	4.677664701942952e-07	0.9999894594607127	2.14729852913509e-07	9.893923949587195e-07	1.0020361974062372e-06	5.322183080763957e-06
Polaromonas_sp._YR568_GCA_945878995.1	0.0	0.0	0.0	1.0	0.0	0.0	0.0	0.0
2020_CRC_20W_1_5m_1_bin.1.purify	0.0	0.0	0.0	1.0	0.0	0.0	0.0	0.0
2020_CRC_20W_1_0m_1_bin.141.purify	0.0	0.0	0.0	1.0	0.0	0.0	0.0	0.0
Polaromonas_sp._ME2016_07_29_3300044622_group7_bin1_GCA_044352025.1	0.0	0.0	0.0	1.0	0.0	0.0	0.0	0.0
icacos_2019_sw_WHONDRS_S19S_0094_B_bin.144	0.0	0.0	0.0	0.0	0.0	1.0	0.0	0.0
GL53_Up_metabat_123_sub	1.0	0.0	0.0	0.0	0.0	0.0	0.0	0.0
Polaromonas_sp._OTE_21_metabat_256_GCA_031363755.1	1.0	0.0	0.0	0.0	0.0	0.0	0.0	0.0
Node_MAG_1907QMS_metabat2_bin.29_Polaromonas_sp._338R_metabat_72_GCA_025352405.1_0	0.9930477880654728	0.003668035176336383	0.0001959255497133113	0.000430247409567763	8.994228425708436e-05	0.0017284910052121117	0.0004197140453837389	0.0004198564640568898
Node_GFS_8810_MAG_1907QMS_metabat2_bin.29_0	0.9799246953277638	0.0007548093571914516	0.00014535931461352082	0.0003192052721004583	6.672917372728067e-05	0.016383081462941637	0.00031139047058401705	0.002094729621077805
GL54_UP_metabat_59	1.0	0.0	0.0	0.0	0.0	0.0	0.0	0.0
Polaromonas_sp._VAR_17_metabat_362_GCA_031412235.1	1.0	0.0	0.0	0.0	0.0	0.0	0.0	0.0
Node_2020_DQZB_w6_bin.142.purify_Polaromonas_sp._341R_metabinner_59_sub_GCA_025359325.1_0	0.9999998785940801	3.761969854468007e-08	8.759454813907095e-09	1.988848981705413e-08	4.021148839212581e-09	1.8528433014352607e-08	1.876461383119402e-08	1.3824080913619029e-08
Node_GL53_Down_metabinner_31_sub_Polaromonas_sp._VAR_35_metabat_51_GCA_031417695.1_0	0.9999213824175203	2.3726313996365973e-05	5.92563319454738e-06	1.301253704296146e-05	2.720241565333729e-06	1.253387361424627e-05	1.2693959907694586e-05	8.005023158553544e-06
Node_2021_ZJZB_W3_bin.50.purify_MAG_1906TGLS_vamb_S1C9042_0	0.7112836324191034	0.2608884651334669	0.0015886947503020413	0.0034887275903354746	0.013840501530192813	0.003360379842130217	0.0034034135906506084	0.0021461851438184733
Polaromonas_vacuolata_KCTC_22033_GCA_012584515.1	0.0	0.0	0.0	0.0	1.0	0.0	0.0	0.0
Node_Polaromonas_sp._VAR_69_concoct_353_sub_GCA_031424555.1_Polaromonas_sp._OTE_1_metabat_241_GCA_031360565.1_0	0.9999778920050075	7.153239708673538e-06	1.6109154046163171e-06	3.537502084369534e-06	7.713544607944164e-07	3.407359117864206e-06	3.4514349003900507e-06	2.1761893157615084e-06
Polaromonas_sp._VAR_45_metabat_307_GCA_031419775.1	1.0	0.0	0.0	0.0	0.0	0.0	0.0	0.0
MAG_1906TGLS_vamb_S1C9042	0.0	1.0	0.0	0.0	0.0	0.0	0.0	0.0
Polaromonas_sp._NC_groundwater_594_Pr5_B_0.1um_59_23_GCA_016185115.1	0.0	0.0	1.0	0.0	0.0	0.0	0.0	0.0
Node_Polaromonas_sp._C1_concoct.bin.30_sub_GCA_030682935.1_Polaromonas_sp._KJH.2_GCA_012927485.1_0	0.0003748213012577354	0.004403288900606482	0.022591582151195333	0.00017920864626830754	3.730597074124931e-05	0.0001718874317275906	0.9721321291104932	0.00010977648771020534
Polaromonas_sp._RGN.1_GCA_012927455.1	0.0	1.0	0.0	0.0	0.0	0.0	0.0	0.0
Node_2021_ZJZB_W3_bin.50.purify_Polaromonas_sp._C1_concoct.bin.30_sub_GCA_030682935.1_0	0.0009228356967587642	0.0008886187485312531	5.938748253394639e-05	9.639612769263281e-05	1.2651402630398592e-05	5.806111176398448e-05	0.9979251662474813	3.688318260780422e-05
Node_2021_ZJZB_W3_bin.50.purify_Polaromonas_sp._RGN.2_GCA_012927415.1_0	0.03202282725796087	0.05786969663983212	0.0003406801840428156	0.004162832621837218	0.00015844720804953535	0.0007079383724631405	0.9043044338948607	0.00043314382095362115
Polaromonas_sp._P1_28__8_GCA_024703835.1	0.0	0.0	0.0	0.0	0.0	0.0	1.0	0.0
Polaromonas_sp._LC071_GCA_036675725.1	0.0	0.0	0.0	0.0	0.0	0.0	1.0	0.0
Node_Polaromonas_sp._P1_28__13_GCA_024703815.1_Polaromonas_sp._SMAG_U4641_GCA_036506595.1_0	8.534578157361616e-05	6.321052124485949e-05	1.610144999322982e-05	3.4539172710775344e-05	7.2149895429475986e-06	3.324386196503761e-05	0.999739112262682	2.123196028755101e-05
Polaromonas_sp._VAR_18_metabat_307_GCA_031411155.1	1.0	0.0	0.0	0.0	0.0	0.0	0.0	0.0
Polaromonas_sp._CF318_GCA_000282655.1	0.0	0.0	0.0	0.0	0.0	0.0	1.0	0.0
Node_Polaromonas_sp._YR568_GCA_900116715.1_Polaromonas_sp._b69_HoplandSoilSeptJan_GCA_021153985.1_0	3.7707408187451074e-05	4.5531073760759655e-05	1.2272636896122794e-05	2.5604425766185475e-05	5.109105935161861e-06	2.3540797027252996e-05	0.9998351996839271	1.5034868499958929e-05
Polaromonas_sp._cluster3_bin.188_GCA_039932935.1	0.0	0.0	0.0	0.0	0.0	0.0	1.0	0.0
Polaromonas_sp._cluster4_bin.192_GCA_040004635.1	0.0	0.0	0.0	0.0	0.0	0.0	1.0	0.0
Polaromonas_sp._E1_maxbin.018_sub_GCA_030655375.1	0.0	0.0	1.0	0.0	0.0	0.0	0.0	0.0
MAG_1908TGLS3_metabat2_bin.36	0.0	1.0	0.0	0.0	0.0	0.0	0.0	0.0
Node_2020_CJH_W1_bin.104.purify_2020_HH3_W1_bin.44.purify_0	0.004518190548103731	0.00015527901997453405	3.891455631538114e-05	8.545535367125788e-05	1.786424681911541e-05	0.9950483625864042	8.336351346338037e-05	5.257017524830529e-05
Polaromonas_sp._SOY_38_metabat_66_GCA_031396485.1	1.0	0.0	0.0	0.0	0.0	0.0	0.0	0.0
Node_Polaromonas_sp._OTE_14_metabat.17_GCA_031365885.1_GFS_6717_0	0.9998447505754974	3.388927364917477e-05	8.378827630756607e-06	1.8399684433701187e-05	3.846409457682725e-06	6.14651705009479e-05	1.7951001877607876e-05	1.131905695271413e-05
Node_Polaromonas_sp._OTE_14_metabat.245_GCA_031365795.1_Polaromonas_sp._VAR_69_metabat_82_GCA_031423655.1_0	0.9999841746650198	4.6796527415083196e-06	1.1726200394942841e-06	2.57504310787474e-06	5.383068863289249e-07	2.763593172321912e-06	2.512011532897023e-06	1.5841074996671689e-06
Polaromonas_sp._OTE_21_concoct_200_GCA_031364265.1	1.0	0.0	0.0	0.0	0.0	0.0	0.0	0.0
Polaromonas_sp._VAR_87_metabat_80_GCA_031427075.1	1.0	0.0	0.0	0.0	0.0	0.0	0.0	0.0
Node_Polaromonas_sp._C13_concoct.bin.116_GCA_030679725.1_Polaromonas_sp._C17_maxbin.022_GCA_030684785.1_0	1.0834044733038859e-06	2.97920254858587e-06	0.9999169177521047	7.419486714461321e-05	3.4265668689259164e-07	1.5788290276954138e-06	1.8949293545886013e-06	1.0083586596769447e-06
Node_Polaromonas_sp._YR568_JJ_ME644_99_2_m1_bin335_GCA_943371765.1_Polaromonas_sp._MAG_75_GCA_031426775.1_0	0.00018860306810950954	0.0005184965138455477	0.9756428108409112	0.022829560385762365	5.965320184254981e-05	0.0002748588021707005	0.00031047190499077556	0.00017554528236726449
Polaromonas_sp._ME2015_05_19_3300034121_group6_bin52_GCA_044349845.1	0.0	0.0	0.0	1.0	0.0	0.0	0.0	0.0
Polaromonas_sp._YR568_JJ_MEM5D2_223_4_m1_bin343_GCA_943371715.1	0.0	0.0	0.0	1.0	0.0	0.0	0.0	0.0
Polaromonas_sp._C18_concoct.bin.138_GCA_030694565.1	0.0	0.0	1.0	0.0	0.0	0.0	0.0	0.0
Node_Polaromonas_sp._C4_concoct.bin.81_GCA_030698005.1_Polaromonas_sp._C12_concoct.bin.8_GCA_030683285.1_0	8.660070071344085e-07	2.430907596665857e-06	0.9999917629863293	1.3121351210966193e-06	2.739191742565988e-07	1.2621132426439756e-06	1.285852857086832e-06	8.060786716950393e-07
ice_MAG_206	0.0	1.0	0.0	0.0	0.0	0.0	0.0	0.0
ice_MAG_153	0.0	1.0	0.0	0.0	0.0	0.0	0.0	0.0
GLR68_GL53_UP_2_metabat_54	1.0	0.0	0.0	0.0	0.0	0.0	0.0	0.0
Node_GLR68_GL53_UP_2_metabat_54_Polaromonas_sp._C21_concoct.bin.69_GCA_030689685.1_0	0.0012640233549266325	0.008766966120657367	0.9856232543931215	0.0005353670564078344	9.270715075886757e-05	0.0004271585777910062	0.0030177051751800956	0.00027281817115665203
Node_Polaromonas_sp._C12_concoct.bin.109_sub_GCA_030683705.1_Polaromonas_sp._MGR_bin325_GCA_013817205.1_0	0.00023740137952525214	0.00035767194920725994	0.9758288591454582	0.0001712620314545716	2.6129225029095757e-05	0.00012039333199920246	0.02318138923126998	7.689370605645046e-05
uncultured_Polaromonas_sp._GCA_946479075.1	0.0	0.0	0.0	0.0	0.0	0.0	1.0	0.0
2020_CESD_W_2_bin.155.purify	0.0	0.0	0.0	0.0	0.0	0.0	0.0	1.0
2021_SD_W62_bin.48.purify	0.0	0.0	0.0	0.0	0.0	0.0	0.0	1.0
2021_BQZBSD_W1+_bin.51.purify	0.0	0.0	0.0	0.0	0.0	0.0	0.0	1.0
2020_ZJZBSD_01_1_bin.11.purify	0.0	0.0	0.0	0.0	0.0	0.0	0.0	1.0
2021_SD_W42_bin.54.purify	0.0	0.0	0.0	0.0	0.0	0.0	0.0	1.0
2021_SD_W43_bin.42.purify	0.0	0.0	0.0	0.0	0.0	0.0	0.0	1.0
Node_2020_CN_N_W_2_0m_bin.145.purify_2020_CN_B_W_2_bin.211.purify_0	8.35019834182035e-09	2.2946046307230553e-08	5.75355622952504e-09	0.9999999280401163	2.641244848931969e-09	1.2169831209399955e-08	1.2325324156145248e-08	7.773682544244088e-09
Node_2020_YZYC_20W_1_25m_1_bin.128.purify_2020_YZYC_20W_1_15m_1_bin.106.purify_0	2.3209559139643283e-08	6.37790190826673e-08	1.5992136746539753e-08	0.9999997999842534	7.341395306527126e-09	3.382630051419301e-08	3.425849659346127e-08	2.160883933390248e-08
2020_ZJZBSD_04_3_bin.62.purify	0.0	0.0	0.0	0.0	0.0	0.0	0.0	1.0
2020_ZJZBSD_04_1_bin.130.purify	0.0	0.0	0.0	0.0	0.0	0.0	0.0	1.0
2020_JNYC_20W_1_60m_1_bin.131.purify	0.0	0.0	0.0	1.0	0.0	0.0	0.0	0.0
2020_JNYC_20W_1_0m_1_bin.3.purify	0.0	0.0	0.0	1.0	0.0	0.0	0.0	0.0
Node_2020_JNYC_20W_1_100m_1_bin.31.purify_2020_JNYC_20W_1_80m_1_bin.130.purify_0	1.7024509268223058e-07	4.678276381977831e-07	1.1730433987456697e-07	0.999998531839526	5.385012490167574e-08	2.4812047530308025e-07	2.512906885131938e-07	1.595221145203466e-07
2020_JNYC_20W_2_1_bin.98.purify	0.0	0.0	0.0	1.0	0.0	0.0	0.0	0.0
Node_Polaromonas_sp._ME_04may21_LR_166_GCA_964203505.1_Polaromonas_sp._YR568_GCA_945881975.1_0	1.9038821042989245e-06	5.2317993376005236e-06	1.3118353335385527e-06	0.9999835255430192	6.022154843003062e-07	2.7747752276667277e-06	2.8102283137506596e-06	1.839721179725269e-06
Polaromonas_sp._YR568_GCA_945867705.1	0.0	0.0	0.0	1.0	0.0	0.0	0.0	0.0
MAG_1907QMS_metabat2_bin.29	0.0	1.0	0.0	0.0	0.0	0.0	0.0	0.0
Polaromonas_sp._338R_metabat_72_GCA_025352405.1	1.0	0.0	0.0	0.0	0.0	0.0	0.0	0.0
Node_GFS_8810_river_metabat_ad.3037_0	0.9699079211088559	0.002103370849288391	0.0004912536234212413	0.0010787801849051592	0.00022551657468555746	0.02291399604795301	0.0010523691786562283	0.002226792432234367
Node_2019_bqzb_2_bin.20.purify_2020_TLSD3_W1_bin.4.purify_0	0.7172533833490395	0.021874837018617754	0.005453167059607558	0.011975013125641625	0.0025033492801586205	0.12352901195823673	0.011681836596659372	0.10572940161203884
Node_2020_DQZB_w6_bin.142.purify_GL99_UP_metabinner_20_0	0.9999995879297215	1.5493467609047153e-07	1.2148386223950627e-08	4.945499555186742e-08	5.576879223674483e-09	2.569610719577604e-08	2.602441143959027e-08	1.3823482272231273e-07
Node_Polaromonas_sp._341R_metabinner_59_sub_GCA_025359325.1_Polaromonas_sp._337R_metabinner_20_sub_GCA_025363315.1_0	0.9999988479641866	2.78996531432807e-07	6.994974169892202e-08	3.7865885482185897e-07	3.211136427087596e-08	1.479567087569328e-07	1.498471327605648e-07	9.45154795720608e-08
Node_GL53_Down_metabinner_31_sub_Polaromonas_sp._VAR_48_metabat_346_GCA_031422575.1_0	0.9999965769475944	1.0304013798336167e-06	2.5829224323617587e-07	5.672030545934756e-07	1.1857250920078153e-07	5.463362770165453e-07	5.533165859626093e-07	3.489303556233838e-07
Polaromonas_sp._VAR_35_metabat_51_GCA_031417695.1	1.0	0.0	0.0	0.0	0.0	0.0	0.0	0.0
ice_MAG_30	0.0	1.0	0.0	0.0	0.0	0.0	0.0	0.0
MAG_190624KS2_metabat2_bin.31	0.0	1.0	0.0	0.0	0.0	0.0	0.0	0.0
Polaromonas_sp._VAR_69_concoct_353_sub_GCA_031424555.1	1.0	0.0	0.0	0.0	0.0	0.0	0.0	0.0
Node_Polaromonas_sp._OTE_1_metabat_241_GCA_031360565.1_Polaromonas_sp._OTE_78_metabat_161_GCA_031386705.1_0	0.9999148338436294	2.605009358692939e-05	6.378797005227477e-06	1.4007650418494998e-05	2.954949545995038e-06	1.3492319048197958e-05	1.3665161818739535e-05	8.617184946990305e-06
Node_Polaromonas_sp._C1_concoct.bin.30_sub_GCA_030682935.1_Polaromonas_sp._E14_maxbin.029_GCA_030650875.1_0	0.00014935182300857228	0.0004354574504046867	0.9913597359885091	0.0002231037027688415	4.663815454961999e-05	0.0002148904852216705	0.007433577585633507	0.0001372448099040557
Node_Polaromonas_sp._KJH.2_GCA_012927485.1_Polaromonas_sp._UBA10861_GCA_003454315.1_0	0.00033796544283598665	0.005023540484844993	0.02120139301194462	0.0002300837092445104	4.79844977872216e-05	0.0002210910400014975	0.97279673934406	0.00014120246928118766
Polaromonas_jejuensis_NBRC_106434_ena_yuan_GCF_001598235.1_GCA_963869285.1	0.0	0.0	0.0	0.0	0.0	0.0	1.0	0.0
Polaromonas_sp._OV174_GCA_900112285.1	0.0	0.0	0.0	0.0	0.0	0.0	1.0	0.0
Node_2021_ZJZB_W3_bin.50.purify_Polaromonas_sp._LacPavin_0920_WC12_MAG_62_10_GCA_026400075.1_0	0.03577739346563689	0.08098753532050233	0.0005808409354741185	0.01164758354059624	0.000295055074006054	0.0012929817441990285	0.8686499323400291	0.0007686775795561649
Node_Polaromonas_sp._RGN.2_GCA_012927415.1_Polaromonas_sp._OTE_1_metabat_360_sub_GCA_031360275.1_0	0.16931080485946223	0.2066409615851158	0.006237917223571088	0.015830310727262886	0.002864881378854402	0.013186447595201729	0.5775187047234088	0.008409971907122896
Node_Polaromonas_sp._P1_28__13_GCA_024703815.1_Polaromonas_sp._P1_6_GCA_024703875.1_0	1.2206487643343355e-05	2.24944852223604e-05	5.656570651465366e-06	1.2368850909108686e-05	2.585335376221172e-06	1.1912221374925604e-05	0.9999251680306068	7.6080182158790105e-06
Polaromonas_sp._SMAG_U4641_GCA_036506595.1	0.0	0.0	0.0	0.0	0.0	0.0	1.0	0.0
Polaromonas_sp._YR568_GCA_900116715.1	0.0	0.0	0.0	0.0	0.0	0.0	1.0	0.0
Polaromonas_sp._b69_HoplandSoilSeptJan_GCA_021153985.1	0.0	0.0	0.0	0.0	0.0	0.0	1.0	0.0
2020_CJH_W1_bin.104.purify	0.0	0.0	0.0	0.0	0.0	1.0	0.0	0.0
Node_2020_HH3_W1_bin.44.purify_2020_TLH1_W1_bin.58.purify_0	0.0028971420690664823	0.00010262637781641508	2.571965940150312e-05	5.6479703201187986e-05	1.180695317158332e-05	0.9968163830736929	5.509714452665517e-05	3.474501912312371e-05
Polaromonas_sp._OTE_14_metabat.17_GCA_031365885.1	1.0	0.0	0.0	0.0	0.0	0.0	0.0	0.0
GFS_6717	1.0	0.0	0.0	0.0	0.0	0.0	0.0	0.0
Node_Polaromonas_sp._OTE_14_metabat.245_GCA_031365795.1_Polaromonas_sp._OTE_70_concoct_231_GCA_031375865.1_0	0.9999809183262028	5.694136991528688e-06	1.4273131061211954e-06	3.134342471209947e-06	6.552271532208033e-07	3.184865261611204e-06	3.0576131337830712e-06	1.9281756796201514e-06
Polaromonas_sp._VAR_69_metabat_82_GCA_031423655.1	1.0	0.0	0.0	0.0	0.0	0.0	0.0	0.0
Node_Polaromonas_sp._C13_concoct.bin.116_GCA_030679725.1_Polaromonas_sp._E6_concoct.bin.119_GCA_030653575.1_0	9.369876848996411e-07	2.5748328047369457e-06	0.9999903421353465	2.2255690330076916e-06	2.963776659989542e-07	1.365593254710654e-06	1.3863361031854134e-06	8.721681068793013e-07
Node_Polaromonas_sp._C17_maxbin.022_GCA_030684785.1_Polaromonas_sp._C4_concoct.bin.74_GCA_030698065.1_0	1.0251776932693641e-06	2.8172320389566647e-06	0.9999875096286351	4.350687043804672e-06	3.2427205446946453e-07	1.4941197705769516e-06	1.52462812041964e-06	9.542546433930898e-07
Polaromonas_sp._YR568_JJ_ME644_99_2_m1_bin335_GCA_943371765.1	0.0	0.0	0.0	1.0	0.0	0.0	0.0	0.0
Polaromonas_sp._MAG_75_GCA_031426775.1	0.0	0.0	1.0	0.0	0.0	0.0	0.0	0.0
Polaromonas_sp._C4_concoct.bin.81_GCA_030698005.1	0.0	0.0	1.0	0.0	0.0	0.0	0.0	0.0
Polaromonas_sp._C12_concoct.bin.8_GCA_030683285.1	0.0	0.0	1.0	0.0	0.0	0.0	0.0	0.0
Polaromonas_eurypsychrophila_CGMCC_1.15322_GCA_014641715.1	0.0	1.0	0.0	0.0	0.0	0.0	0.0	0.0
Polaromonas_sp._C21_concoct.bin.69_GCA_030689685.1	0.0	0.0	1.0	0.0	0.0	0.0	0.0	0.0
Node_Polaromonas_sp._C12_concoct.bin.109_sub_GCA_030683705.1_Polaromonas_sp._E19_concoct.bin.163_sub_GCA_030645205.1_0	1.6785821300896683e-05	3.947949741363599e-05	0.9993468578643625	2.1159102677405388e-05	4.205080111105637e-06	1.9375377171900056e-05	0.0005397626809928811	1.237457596964847e-05
Polaromonas_sp._MGR_bin325_GCA_013817205.1	0.0	0.0	0.0	0.0	0.0	0.0	1.0	0.0
Node_2020_CN_N_W_2_0m_bin.145.purify_2020_CN_N_W_1_bin.10.purify_0	3.382811082167402e-08	9.295848838437753e-08	2.3308657244117563e-08	0.9999997084823449	1.0700150641389262e-08	4.930214121050125e-08	4.993207019979052e-08	3.148803655197614e-08
Node_2020_CN_B_W_1_bin.182.purify_2020_CN_DB_w_1_bin.76.purify_0	9.675492094648761e-08	2.6587920668699346e-07	6.666725482209297e-08	0.9999991662034773	3.060449473276786e-08	1.4101363349309109e-07	1.4281535188552043e-07	9.006166017381463e-08
Node_2020_YZYC_20W_1_25m_1_bin.128.purify_2020_YZYC_20W_1_20m_1_bin.94.purify_0	2.438636838236931e-07	6.701290443382113e-07	1.6802992755068582e-07	0.9999978984769236	7.713638482094147e-08	3.554145230380624e-07	3.599556221389917e-07	2.269938907633896e-07
Node_2020_YZYC_20W_1_25m_1_bin.128.purify_2020_YZYC_20W_1_10m_1_bin.149.purify_0	1.306421957301166e-06	3.590002758373314e-06	9.001667792589659e-07	0.9999887417598988	4.1323359524420163e-07	1.9040200224344787e-06	1.9283475134448207e-06	1.2160474750849352e-06
2020_JNYC_20W_1_100m_1_bin.31.purify	0.0	0.0	0.0	1.0	0.0	0.0	0.0	0.0
2020_JNYC_20W_1_80m_1_bin.130.purify	0.0	0.0	0.0	1.0	0.0	0.0	0.0	0.0
Polaromonas_sp._ME_04may21_LR_166_GCA_964203505.1	0.0	0.0	0.0	1.0	0.0	0.0	0.0	0.0
Polaromonas_sp._YR568_GCA_945881975.1	0.0	0.0	0.0	1.0	0.0	0.0	0.0	0.0
GFS_8810	1.0	0.0	0.0	0.0	0.0	0.0	0.0	0.0
river_metabat_ad.3037	0.0	0.0	0.0	0.0	0.0	1.0	0.0	0.0
2019_bqzb_2_bin.20.purify	0.0	0.0	0.0	0.0	0.0	1.0	0.0	0.0
2020_TLSD3_W1_bin.4.purify	0.0	0.0	0.0	0.0	0.0	0.0	0.0	1.0
Node_2020_DQZB_w6_bin.142.purify_Polaromonas_sp._VAR_61_metabat_80_GCA_031424935.1_0	0.9996660418266213	0.00013794430349522432	2.2350297436148894e-06	3.25109942684991e-05	1.0260202886275459e-06	4.727503272211991e-06	4.787906150383491e-06	0.0001507264161601639
Node_GL99_UP_metabinner_20_Polaromonas_sp._341R_metabinner_37_GCA_025362315.1_0	0.9999812834684324	5.638007786257752e-06	1.4092788978168955e-06	3.098501962523989e-06	6.469483216675995e-07	2.980886774275331e-06	3.0189732918655965e-06	1.923934533202643e-06
Node_Polaromonas_sp._VAR_35_metabat_389_GCA_031417995.1_GL93_UP_metabat_6_sub_0	0.9999630721969097	1.110333672055441e-05	2.78407897552407e-06	6.1483373693822605e-06	1.2780686799202245e-06	5.888844433062973e-06	5.964085662879399e-06	3.7610512490261635e-06
Node_2020_DQZB_w6_bin.142.purify_Polaromonas_sp._VAR_35_metabat_389_GCA_031417995.1_0	0.9999082099270412	8.56607577740581e-06	2.1478797556125316e-06	6.80441265631578e-05	9.860129213343723e-07	4.543164850129184e-06	4.601212454335582e-06	2.90160063676773e-06
Node_GL53_Down_metabinner_31_sub_Polaromonas_sp._OTE_78_metabat_150_GCA_031386895.1_0	0.9999564432803214	1.3108777915803411e-05	3.286926425120667e-06	7.218004998799715e-06	1.5089075253314975e-06	6.952460246196409e-06	7.041291191696982e-06	4.440351375666416e-06
Node_Polaromonas_sp._VAR_48_metabat_346_GCA_031422575.1_GL74_DN_metabinner_58_0	0.9999829499895632	5.131397487197769e-06	1.286642098793566e-06	2.8254326081346497e-06	5.90650259590315e-07	2.7214871957737624e-06	2.756259346214673e-06	1.738141441242707e-06
Polaromonas_sp._OTE_1_metabat_241_GCA_031360565.1	1.0	0.0	0.0	0.0	0.0	0.0	0.0	0.0
Polaromonas_sp._OTE_78_metabat_161_GCA_031386705.1	1.0	0.0	0.0	0.0	0.0	0.0	0.0	0.0
Node_Polaromonas_sp._C1_concoct.bin.30_sub_GCA_030682935.1_Polaromonas_sp._C5_concoct.bin.153_GCA_030697125.1_0	3.069479187767129e-05	8.614369062102755e-05	0.9991918420170982	4.6237711414967326e-05	9.665804723735592e-06	4.453627453854974e-05	0.0005624355779586398	2.8444131767315386e-05
Node_Polaromonas_sp._E14_maxbin.029_GCA_030650875.1_Polaromonas_sp._MAG_29_GCA_018780625.1_0	3.3440002534033853e-05	9.40754952557768e-05	0.9990538897652153	5.0346853511888595e-05	1.0524793448654711e-05	4.849416073131997e-05	0.0006782570013253649	3.0971927977729326e-05
Polaromonas_sp._KJH.2_GCA_012927485.1	0.0	1.0	0.0	0.0	0.0	0.0	0.0	0.0
Node_Polaromonas_sp._KJH.2_GCA_012927485.1_Polaromonas_sp._UBA5171_UBA5171_GCA_002413395.1_0	0.00012367951058346558	0.0012876169536879978	0.018455318590827673	0.00012203411978116585	2.5484574786041522e-05	0.00011742235784816625	0.9797934499343047	7.499395818077563e-05
Node_2021_ZJZB_W3_bin.50.purify_GL95_UP_metabat_47_0	0.03842458211640302	0.09616052017946228	0.0005699497717126156	0.008329118040077726	0.0003069141441807455	0.0013178820242247347	0.8541319908032159	0.0007590429207230205
Polaromonas_sp._LacPavin_0920_WC12_MAG_62_10_GCA_026400075.1	0.0	0.0	0.0	1.0	0.0	0.0	0.0	0.0
Polaromonas_sp._RGN.2_GCA_012927415.1	0.0	1.0	0.0	0.0	0.0	0.0	0.0	0.0
Polaromonas_sp._OTE_1_metabat_360_sub_GCA_031360275.1	1.0	0.0	0.0	0.0	0.0	0.0	0.0	0.0
Polaromonas_sp._P1_28__13_GCA_024703815.1	0.0	0.0	0.0	0.0	0.0	0.0	1.0	0.0
Node_Polaromonas_sp._P1_6_GCA_024703875.1_Polaromonas_sp._P2_4_GCA_024703855.1_0	2.173099430688688e-05	5.2211223458890455e-05	1.3102613994344387e-05	2.873711372445885e-05	6.007194064651394e-06	2.7678818315067955e-05	0.9998328543177423	1.767772439339618e-05
2020_HH3_W1_bin.44.purify	0.0	0.0	0.0	0.0	0.0	1.0	0.0	0.0
Node_2020_TLH1_W1_bin.58.purify_2021_CMY_W3_bin.57.purify_0	0.0010376856764101692	9.86643041837903e-05	2.473474199895542e-05	5.4316850419612605e-05	1.1354813913340435e-05	0.9986868420159513	5.298711495639621e-05	3.341448216638918e-05
Polaromonas_sp._OTE_14_metabat.245_GCA_031365795.1	1.0	0.0	0.0	0.0	0.0	0.0	0.0	0.0
Polaromonas_sp._OTE_70_concoct_231_GCA_031375865.1	1.0	0.0	0.0	0.0	0.0	0.0	0.0	0.0
Polaromonas_sp._C13_concoct.bin.116_GCA_030679725.1	0.0	0.0	1.0	0.0	0.0	0.0	0.0	0.0
Polaromonas_sp._E6_concoct.bin.119_GCA_030653575.1	0.0	0.0	1.0	0.0	0.0	0.0	0.0	0.0
Polaromonas_sp._C17_maxbin.022_GCA_030684785.1	0.0	0.0	1.0	0.0	0.0	0.0	0.0	0.0
Polaromonas_sp._C4_concoct.bin.74_GCA_030698065.1	0.0	0.0	1.0	0.0	0.0	0.0	0.0	0.0
Polaromonas_sp._C12_concoct.bin.109_sub_GCA_030683705.1	0.0	0.0	1.0	0.0	0.0	0.0	0.0	0.0
Polaromonas_sp._E19_concoct.bin.163_sub_GCA_030645205.1	0.0	0.0	1.0	0.0	0.0	0.0	0.0	0.0
2020_CN_DB_w_1_bin.76.purify	0.0	0.0	0.0	1.0	0.0	0.0	0.0	0.0
Node_2020_CN_N_W_2_0m_bin.145.purify_2020_CN_D_w_1_bin.87.purify_0	6.351285125553765e-07	1.7453113849202143e-06	4.3762398828200393e-07	0.9999945267079029	2.0089714330467428e-07	9.256560640232194e-07	9.374830875111663e-07	5.911919164879679e-07
Node_2020_CN_N_W_2_0m_bin.145.purify_2020_CN_B_W_1_bin.182.purify_0	2.257249338192745e-07	6.202843819800955e-07	1.5553174489540792e-07	0.9999980547897489	7.139892712260666e-08	3.2897854478450814e-07	3.3318187378213486e-07	2.10109844852125e-07
2020_CN_B_W_2_bin.211.purify	0.0	0.0	0.0	1.0	0.0	0.0	0.0	0.0
2020_YZYC_20W_1_5m_1_bin.31.purify	0.0	0.0	0.0	1.0	0.0	0.0	0.0	0.0
Node_2020_YZYC_20W_1_15m_1_bin.106.purify_2020_YZYC_20W_1_5m_1_bin.31.purify_0	7.788721408464687e-07	2.1403139491203123e-06	5.366679748982745e-07	0.9999932879808717	2.4636460970436923e-07	1.1351525023307986e-06	1.1496562427890854e-06	7.249917087038669e-07
2020_YZYC_20W_1_20m_1_bin.94.purify	0.0	0.0	0.0	1.0	0.0	0.0	0.0	0.0
2020_YZYC_20W_1_10m_1_bin.149.purify	0.0	0.0	0.0	1.0	0.0	0.0	0.0	0.0
Node_2020_DQZB_w6_bin.142.purify_GL115_UP_metabinner_4_0	0.997474572510782	0.001122601324367373	1.7665160145018714e-05	7.35370611775342e-05	8.109427967216632e-06	3.736509663844666e-05	3.784250708382629e-05	0.0012283069118386731
Node_2020_DQZB_w6_bin.142.purify_Polaromonas_sp._VAR_34_metabat_99_GCA_031414215.1_0	0.9993262446498355	0.00013551222692107342	1.659579852852686e-05	0.0003415942961723897	7.618523218618435e-06	3.510319808636435e-05	3.5551708460135235e-05	0.00010177959877724652
GL99_UP_metabinner_20	1.0	0.0	0.0	0.0	0.0	0.0	0.0	0.0
Node_Polaromonas_sp._341R_metabinner_37_GCA_025362315.1_GL124_DN_metabat_88_sub_0	0.9999364749694076	1.9118997197743307e-05	4.793435414655302e-06	1.0526696751946612e-05	2.200490620606152e-06	1.0139006724183297e-05	1.0268551892297706e-05	6.477851990937746e-06
Node_Polaromonas_sp._VAR_35_metabat_389_GCA_031417995.1_Polaromonas_sp._338R_metabinner_111_GCA_025363125.1_0	0.9997182748492416	8.478424358111389e-05	2.125902493077843e-05	4.6695436511128946e-05	9.759239651035691e-06	4.496678854999818e-05	4.5541325124326804e-05	2.8719092410041852e-05
GL93_UP_metabat_6_sub	1.0	0.0	0.0	0.0	0.0	0.0	0.0	0.0
Node_Polaromonas_sp._341R_metabinner_59_sub_GCA_025359325.1_2020_JNYC_20W_1_20m_1_bin.156.purify_0	0.9939240525353973	0.000200482957902133	5.026962639587314e-05	0.005520190280039817	2.307694415725583e-05	0.00010632960203870137	0.00010768816570971974	6.790988835926646e-05
Node_Polaromonas_sp._337R_metabinner_20_sub_GCA_025363315.1_Polaromonas_sp._GL140_1_metabinner_90_sub_GCA_025358905.1_0	0.9999938849229569	1.8231233099125852e-06	4.5713475524492324e-07	1.061211670404233e-06	2.0985382178996252e-07	9.669249622112665e-07	9.792792746621168e-07	6.175492489242292e-07
Node_GL53_Down_metabinner_31_sub_GLR56_GL46_UP_1_metabat_13_0	0.9998928167370736	3.22577250527894e-05	8.088386806023836e-06	1.776188719994873e-05	3.7130821139456774e-06	1.7108441258266305e-05	1.732703425788331e-05	1.092670623763445e-05
Polaromonas_sp._OTE_78_metabat_150_GCA_031386895.1	1.0	0.0	0.0	0.0	0.0	0.0	0.0	0.0
Node_Polaromonas_sp._VAR_48_metabat_346_GCA_031422575.1_Polaromonas_sp._VAR_78_metabat_344_GCA_031431575.1_0	0.9998118289943456	5.663168760615627e-05	1.4199976599809318e-05	3.118277954019292e-05	6.5186891274994055e-06	3.003558946748737e-05	3.041935146120807e-05	1.9182931851978912e-05
GL74_DN_metabinner_58	1.0	0.0	0.0	0.0	0.0	0.0	0.0	0.0
Polaromonas_sp._C1_concoct.bin.30_sub_GCA_030682935.1	0.0	0.0	1.0	0.0	0.0	0.0	0.0	0.0
Polaromonas_sp._C5_concoct.bin.153_GCA_030697125.1	0.0	0.0	1.0	0.0	0.0	0.0	0.0	0.0
Polaromonas_sp._E14_maxbin.029_GCA_030650875.1	0.0	0.0	1.0	0.0	0.0	0.0	0.0	0.0
Polaromonas_sp._MAG_29_GCA_018780625.1	0.0	0.0	1.0	0.0	0.0	0.0	0.0	0.0
Node_Polaromonas_sp._UBA10861_GCA_003454315.1_Polaromonas_sp._UBA4122_UBA4122_GCA_002381615.1_0	0.00014174838218785374	0.0005098557200017699	0.0024301249734892272	0.00020621262950237118	4.310493158068773e-05	0.00019861070952768565	0.9963434953511825	0.00012684730252792925
Node_Polaromonas_sp._UBA5171_UBA5171_GCA_002413395.1_Polaromonas_sp._nzgw554_GCA_023259235.1_0	0.0008811881089399145	0.003074183324407299	0.03218920310715408	0.0012884855712531765	0.000269336809632016	0.001240999021033287	0.9602640113991111	0.000792592658469124
Node_2021_ZJZB_W3_bin.50.purify_Polaromonas_sp._RYN_542_GCA_028292745.1_0	0.0008768951896483487	0.16144079798328909	2.9277065425235492e-05	0.0002213642364871922	0.00012764739079980364	0.0003635313319960437	0.8369011781546167	3.9308647737618544e-05
GL95_UP_metabat_47	1.0	0.0	0.0	0.0	0.0	0.0	0.0	0.0
Polaromonas_sp._P1_6_GCA_024703875.1	0.0	0.0	0.0	0.0	0.0	0.0	1.0	0.0
Polaromonas_sp._P2_4_GCA_024703855.1	0.0	0.0	0.0	0.0	0.0	0.0	1.0	0.0
2020_TLH1_W1_bin.58.purify	0.0	0.0	0.0	0.0	0.0	1.0	0.0	0.0
2021_CMY_W3_bin.57.purify	0.0	0.0	0.0	0.0	0.0	1.0	0.0	0.0
2020_CN_N_W_1_bin.10.purify	0.0	0.0	0.0	1.0	0.0	0.0	0.0	0.0
2020_CN_D_w_1_bin.87.purify	0.0	0.0	0.0	1.0	0.0	0.0	0.0	0.0
2020_CN_N_W_2_0m_bin.145.purify	0.0	0.0	0.0	1.0	0.0	0.0	0.0	0.0
2020_CN_B_W_1_bin.182.purify	0.0	0.0	0.0	1.0	0.0	0.0	0.0	0.0
2020_YZYC_20W_1_15m_1_bin.106.purify	0.0	0.0	0.0	1.0	0.0	0.0	0.0	0.0
2020_YZYC_20W_1_25m_1_bin.128.purify	0.0	0.0	0.0	1.0	0.0	0.0	0.0	0.0
Node_2020_DQZB_w6_bin.142.purify_Polaromonas_sp._OTE_70_metabat_118_sub_GCA_031375685.1_0	0.3322221925324841	0.0011662683597980902	0.0002846643585188307	0.005500608733917556	0.00013067898005382985	0.0006021180208801095	0.0006098112281642575	0.6594836577861832
Node_GL115_UP_metabinner_4_MAG_1811AZI1_metabat2_bin.43_0	0.954152649796422	0.041761001811615905	0.00036830071204070413	0.0008276949173982022	0.00016907336644814535	0.0007790244517326281	0.00078897797642082	0.0011532769679215907
Polaromonas_sp._VAR_61_metabat_80_GCA_031424935.1	1.0	0.0	0.0	0.0	0.0	0.0	0.0	0.0
Node_Polaromonas_sp._VAR_34_metabat_99_GCA_031414215.1_Polaromonas_sp._EUL_170_GCA_040400775.1_0	0.9940039779472681	0.0007536895935054895	0.00017365998996634783	0.003945060572669665	7.972094041924579e-05	0.00036732315211118863	0.0003720164066741452	0.00030455139738591716
Node_Polaromonas_sp._341R_metabinner_37_GCA_025362315.1_GFS_10061_0	0.9997072495215779	8.81058918448317e-05	2.2091800499034486e-05	4.851310810228979e-05	1.0141536410767907e-05	4.672826364137071e-05	4.7325306423231364e-05	2.9844571500720026e-05
GL124_DN_metabat_88_sub	1.0	0.0	0.0	0.0	0.0	0.0	0.0	0.0
Polaromonas_sp._VAR_35_metabat_389_GCA_031417995.1	1.0	0.0	0.0	0.0	0.0	0.0	0.0	0.0
Polaromonas_sp._338R_metabinner_111_GCA_025363125.1	1.0	0.0	0.0	0.0	0.0	0.0	0.0	0.0
Node_Polaromonas_sp._341R_metabinner_59_sub_GCA_025359325.1_Polaromonas_sp._VAR_25_metabat_291_GCA_031410335.1_0	0.9973552086914381	0.00013476986444645249	3.379255182855381e-05	0.002271196858162449	1.5512922760506464e-05	7.14775271951313e-05	7.239078907032185e-05	4.565079509828697e-05
Node_2020_JNYC_20W_1_20m_1_bin.156.purify_Polaromonas_sp._ME2016_05_06_3300042878_group7_bin259_GCA_044354315.1_0	0.06534459823196433	0.0022312451291974546	0.0005594682992150082	0.9284701851997879	0.00025683140346153264	0.0011833794255847812	0.001198499357061955	0.0007557929537271828
Node_Polaromonas_sp._337R_metabinner_20_sub_GCA_025363315.1_Polaromonas_sp._341R_metabat_60_GCA_025351605.1_0	0.9999661024779101	1.0196725133401088e-05	2.5567538021724484e-06	5.631262856410335e-06	1.1737120194994318e-06	5.408009444005772e-06	5.477107089657958e-06	3.4539517449428995e-06
Node_Polaromonas_sp._GL140_1_metabinner_90_sub_GCA_025358905.1_Polaromonas_sp._GL140_2_metabinner_137_GCA_025359525.1_0	0.9999946515849855	1.609370965509973e-06	4.035379282601311e-07	8.870907834523203e-07	1.852494817140275e-07	8.535577125928e-07	8.644635419888477e-07	5.451446009914247e-07
GL53_Down_metabinner_31_sub	1.0	0.0	0.0	0.0	0.0	0.0	0.0	0.0
GLR56_GL46_UP_1_metabat_13	1.0	0.0	0.0	0.0	0.0	0.0	0.0	0.0
Polaromonas_sp._VAR_48_metabat_346_GCA_031422575.1	1.0	0.0	0.0	0.0	0.0	0.0	0.0	0.0
Polaromonas_sp._VAR_78_metabat_344_GCA_031431575.1	1.0	0.0	0.0	0.0	0.0	0.0	0.0	0.0
Polaromonas_sp._UBA10861_GCA_003454315.1	0.0	0.0	0.0	0.0	0.0	0.0	1.0	0.0
Polaromonas_sp._UBA4122_UBA4122_GCA_002381615.1	0.0	0.0	0.0	0.0	0.0	0.0	1.0	0.0
Polaromonas_sp._UBA5171_UBA5171_GCA_002413395.1	0.0	0.0	0.0	0.0	0.0	0.0	1.0	0.0
Polaromonas_sp._nzgw554_GCA_023259235.1	0.0	0.0	1.0	0.0	0.0	0.0	0.0	0.0
Node_2021_ZJZB_W4_bin.54.purify_ISO_B505_3_0	0.0006155992724610883	0.20071700049094487	7.165620105721824e-05	0.00025366200798978097	0.00010291939035626512	0.0013622425656228444	0.7967802672351707	9.665283639726423e-05
Node_2021_ZJZB_W3_bin.50.purify_2021_ZJZB_W4_bin.54.purify_0	0.0004625119906028416	0.15418919502648437	4.0854817908770645e-05	0.00016562005902246444	0.0003500779844019142	0.00023219546867530745	0.8445044703530531	5.50742998512553e-05
Node_2020_DQZB_w6_bin.142.purify_Polaromonas_sp._ME2018_11_08GD_3300042901_group8_bin35_GCA_044378095.1_0	0.1833166146771524	0.0027602083499287436	0.0006878332019265035	0.022931777631918046	0.0003157590284312658	0.001454895050418437	0.0014734841123821552	0.7870594279478424
Node_Polaromonas_sp._OTE_70_metabat_118_sub_GCA_031375685.1_2020_YBJSD_W_2_bin.50.purify_0	0.3367227837066545	0.0019146372868581588	0.0004761607623875814	0.0035059908739107654	0.0002185879647674509	0.0010071685031499736	0.0010200370036700334	0.6551346338986017
GL115_UP_metabinner_4	1.0	0.0	0.0	0.0	0.0	0.0	0.0	0.0
Node_MAG_1811AZI1_metabat2_bin.43_ice_MAG_2_0	0.17662224747168045	0.8107635026315345	0.0013483981227967814	0.0029645119210130995	0.0006190001878367433	0.002852112618809375	0.0028885538027855753	0.0019416732435433848
Polaromonas_sp._VAR_34_metabat_99_GCA_031414215.1	1.0	0.0	0.0	0.0	0.0	0.0	0.0	0.0
Polaromonas_sp._EUL_170_GCA_040400775.1	0.0	0.0	0.0	1.0	0.0	0.0	0.0	0.0
Polaromonas_sp._341R_metabinner_37_GCA_025362315.1	1.0	0.0	0.0	0.0	0.0	0.0	0.0	0.0
GFS_10061	1.0	0.0	0.0	0.0	0.0	0.0	0.0	0.0
Polaromonas_sp._341R_metabinner_59_sub_GCA_025359325.1	1.0	0.0	0.0	0.0	0.0	0.0	0.0	0.0
Polaromonas_sp._VAR_25_metabat_291_GCA_031410335.1	1.0	0.0	0.0	0.0	0.0	0.0	0.0	0.0
Node_2020_JNYC_20W_1_20m_1_bin.156.purify_Polaromonas_sp._YR568_GCA_945860515.1_0	0.00011317319104243507	1.0120401991098137e-05	2.5376163359735366e-06	0.9998587721244885	1.1649267097518365e-06	5.367530146448626e-06	5.436110591791371e-06	3.428098694104384e-06
Polaromonas_sp._ME2016_05_06_3300042878_group7_bin259_GCA_044354315.1	0.0	0.0	0.0	1.0	0.0	0.0	0.0	0.0
Polaromonas_sp._337R_metabinner_20_sub_GCA_025363315.1	1.0	0.0	0.0	0.0	0.0	0.0	0.0	0.0
Polaromonas_sp._341R_metabat_60_GCA_025351605.1	1.0	0.0	0.0	0.0	0.0	0.0	0.0	0.0
Node_Polaromonas_sp._GL140_2_metabinner_137_GCA_025359525.1_Polaromonas_sp._GL140_3_metabinner_95_sub_GCA_025361825.1_0	0.9999816162937961	5.532662704413275e-06	1.387274465242838e-06	3.0466566891281738e-06	6.368468926560895e-07	2.9343433079424513e-06	2.971835145967845e-06	1.8740869985652003e-06
Polaromonas_sp._GL140_2_metabinner_137_GCA_025359525.1	1.0	0.0	0.0	0.0	0.0	0.0	0.0	0.0
Node_2021_ZJZB_W4_bin.54.purify_Polaromonas_sp._cluster1_bin.8_GCA_039925285.1_0	0.0008803810680937988	0.19879310093301528	0.0003425118091274302	0.0008242994305672084	0.00020969659111623142	0.008459846722088339	0.7900275710365406	0.0004625924094511186
Node_ISO_B505_3_Polaromonas_sp._CG_9.5_GCA_035984465.1_0	0.0012416619552355148	0.8611115065024292	0.0007980061486114432	0.0017681205054937842	0.0003777652090221364	0.0018855446910172437	0.131739382402934	0.0010780125852566825
Node_2021_ZJZB_W3_bin.50.purify_Polaromonas_hydrogenivorans_DSM_17735_GCA_040105105.1_0	0.0007881036160418512	0.24875593380213346	0.00045890419863758576	0.0010307246914224208	0.01252856211727308	0.0010155216613448434	0.7348023457291598	0.0006199041839869294
Node_Polaromonas_sp._RYN_542_GCA_028292745.1_Polaromonas_sp._RYN_585_GCA_028291905.1_0	0.00025470919528841184	0.013715560106413711	0.0001518552755452608	0.0003399307986528988	9.791173957456122e-05	0.0003336101814748754	0.9849012894079372	0.00020513329511301568
Node_2020_DQZB_w6_bin.142.purify_2021_ZJZBSD_W51_bin.95.purify_0	0.009803432849205446	0.0003244956218054101	8.113811285823511e-05	0.0013161860821783683	3.7247535613438256e-05	0.00017162218756975833	0.00017381498867810537	0.9880920626220913
Polaromonas_sp._ME2018_11_08GD_3300042901_group8_bin35_GCA_044378095.1	0.0	0.0	0.0	1.0	0.0	0.0	0.0	0.0
Polaromonas_sp._OTE_70_metabat_118_sub_GCA_031375685.1	1.0	0.0	0.0	0.0	0.0	0.0	0.0	0.0
2020_YBJSD_W_2_bin.50.purify	0.0	0.0	0.0	0.0	0.0	0.0	0.0	1.0
MAG_1811AZI1_metabat2_bin.43	0.0	1.0	0.0	0.0	0.0	0.0	0.0	0.0
Node_ice_MAG_2_ice_MAG_94_0	0.01951111087769247	0.9763410258637923	0.00044633088661523445	0.0009805052028121577	0.00020489416143588672	0.0009440727722456807	0.0009561351043406911	0.0006159251310656032
Node_2020_JNYC_20W_1_20m_1_bin.156.purify_2020_JNYC_20W_1_60m_1_bin.91.purify_0	1.5868118098157187e-06	1.593224717853971e-06	3.9948937547063606e-07	0.9999939966228415	1.833909394224034e-07	8.449942710515931e-07	8.557906861325832e-07	5.396753586904814e-07
Node_Polaromonas_sp._YR568_GCA_945860515.1_Polaromonas_sp._YR568_GCA_945907175.1_0	2.920022159024087e-06	9.459102647707577e-07	2.3718003913026265e-07	0.99999445782765	1.0888066832089864e-07	5.016798607891787e-07	5.080897788210639e-07	3.204095792072429e-07
Polaromonas_sp._GL140_1_metabinner_90_sub_GCA_025358905.1	1.0	0.0	0.0	0.0	0.0	0.0	0.0	0.0
Polaromonas_sp._GL140_3_metabinner_95_sub_GCA_025361825.1	1.0	0.0	0.0	0.0	0.0	0.0	0.0	0.0
Node_2021_ZJZB_W4_bin.54.purify_ice_MAG_29_0	0.005758461069252804	0.43136208227865935	0.003873255229427106	0.00853138807995184	0.0017968435024038733	0.25269365015995865	0.29075192894924207	0.0052323907311043255
Polaromonas_sp._cluster1_bin.8_GCA_039925285.1	0.0	0.0	0.0	0.0	0.0	0.0	1.0	0.0
Node_ISO_B505_3_ISO_B518_3_0	4.6915555539972105e-05	0.9982587164377178	3.170760251861803e-05	6.979810801966614e-05	1.4678705602948853e-05	6.919244126776094e-05	0.0014661571999921318	4.283394934106526e-05
Polaromonas_sp._CG_9.5_GCA_035984465.1	0.0	1.0	0.0	0.0	0.0	0.0	0.0	0.0
Node_2021_ZJZB_W3_bin.50.purify_ISO_B136_3_0	2.9407532537730664e-05	0.9948782883136656	1.9829419752362174e-05	4.366327338490336e-05	7.2551140887142e-05	4.804732580517063e-05	0.004881425357109778	2.6787636857283634e-05
Node_Polaromonas_hydrogenivorans_DSM_17735_GCA_040105105.1_Polaromonas_naphthalenivorans_CJ2_GCA_000015505.1_0	0.0016766434125298102	0.06755143034876047	0.0011337878325387433	0.0024956352002685326	0.11975171304136809	0.002409621301560616	0.8034495292745651	0.0015316395884086428
Polaromonas_sp._RYN_542_GCA_028292745.1	0.0	0.0	0.0	0.0	0.0	0.0	1.0	0.0
Polaromonas_sp._RYN_585_GCA_028291905.1	0.0	0.0	0.0	0.0	0.0	0.0	1.0	0.0
Node_2020_DQZB_w6_bin.142.purify_2020_DQZB_w2_bin.26.purify_0	0.0007602696946172913	6.023069774433406e-05	1.5085116229880618e-05	0.00011988133571360726	6.925024309932609e-06	3.1907824275375424e-05	3.231550764910946e-05	0.9989733847994605
2021_ZJZBSD_W51_bin.95.purify	0.0	0.0	0.0	0.0	0.0	0.0	0.0	1.0
ice_MAG_2	0.0	1.0	0.0	0.0	0.0	0.0	0.0	0.0
ice_MAG_94	0.0	1.0	0.0	0.0	0.0	0.0	0.0	0.0
2020_JNYC_20W_1_40m_1_bin.67.purify	0.0	0.0	0.0	1.0	0.0	0.0	0.0	0.0
Node_2020_JNYC_20W_1_20m_1_bin.156.purify_2020_JNYC_20W_1_40m_1_bin.67.purify_0	1.1344538120571703e-06	2.7590028995509007e-06	6.917996770401544e-07	0.9999912173365749	3.1757989186832475e-07	1.463284882421712e-06	1.4819811405072274e-06	9.345611217029006e-07
Node_Polaromonas_sp._YR568_GCA_945860515.1_Polaromonas_sp._YR568_GCA_945878265.1_0	1.589287610451011e-07	3.1521780099087344e-07	7.903854430826223e-08	0.9999989672585234	3.628370059703102e-08	1.671812098984049e-07	1.6931726903826043e-07	1.06774190676904e-07
Polaromonas_sp._YR568_GCA_945907175.1	0.0	0.0	0.0	1.0	0.0	0.0	0.0	0.0
2021_ZJZB_W4_bin.54.purify	0.0	0.0	0.0	0.0	0.0	1.0	0.0	0.0
ice_MAG_29	0.0	1.0	0.0	0.0	0.0	0.0	0.0	0.0
Node_ISO_B505_3_ISO_N1999_1_3_0	3.3826462184162864e-06	0.9999212730302491	2.30690927972641e-06	5.0724267318146666e-06	1.0637538126315442e-06	4.961428441920203e-06	5.8823381756301805e-05	3.1164235102248935e-06
ISO_B518_3	0.0	1.0	0.0	0.0	0.0	0.0	0.0	0.0
Node_2021_ZJZB_W3_bin.50.purify_ice_MAG_1_0	8.097564176579497e-06	0.999490134978036	5.5413134575979136e-06	1.2179008147989856e-05	8.132675774976973e-06	3.0317180426610092e-05	0.00043811146411093765	7.485815869261008e-06
Node_ISO_B136_3_Polaromonas_sp._RYN_574_GCA_028292045.1_0	1.5909973860094888e-06	0.9988149067200164	1.0856182938163253e-06	2.386893725612654e-06	2.054876817364479e-06	2.446037876156381e-06	0.0011740622845821042	1.4665713025996675e-06
Polaromonas_hydrogenivorans_DSM_17735_GCA_040105105.1	0.0	0.0	0.0	0.0	0.0	0.0	1.0	0.0
Polaromonas_naphthalenivorans_CJ2_GCA_000015505.1	0.0	0.0	0.0	0.0	1.0	0.0	0.0	0.0
2020_DQZB_w6_bin.142.purify	0.0	0.0	0.0	0.0	0.0	0.0	0.0	1.0
2020_DQZB_w2_bin.26.purify	0.0	0.0	0.0	0.0	0.0	0.0	0.0	1.0
2020_JNYC_20W_1_20m_1_bin.156.purify	0.0	0.0	0.0	1.0	0.0	0.0	0.0	0.0
2020_JNYC_20W_1_60m_1_bin.91.purify	0.0	0.0	0.0	1.0	0.0	0.0	0.0	0.0
Node_Polaromonas_sp._YR568_GCA_945860515.1_Polaromonas_sp._YR568_GCA_945896805.1_0	6.256773831665426e-07	1.6786102961361942e-06	4.208991809803319e-07	0.9999947210605975	1.932193969142915e-07	8.902799885471054e-07	9.016550151288735e-07	5.685981415657031e-07
Polaromonas_sp._YR568_GCA_945878265.1	0.0	0.0	0.0	1.0	0.0	0.0	0.0	0.0
Node_ISO_B505_3_ISO_N1999_2_4_0	3.8030783346142035e-06	0.9999651439389434	2.617436554376468e-06	5.748644115145874e-06	1.2021665399287517e-06	5.546691489322058e-06	1.2402116431106617e-05	3.5359275920998974e-06
ISO_N1999_1_3	0.0	1.0	0.0	0.0	0.0	0.0	0.0	0.0
Node_2021_ZJZB_W3_bin.50.purify_Polaromonas_sp._LF_bin_444_GCA_014376885.1_0	9.387693144704406e-06	0.9991170722357665	6.467392594248761e-06	1.4202507480713958e-05	3.119781893969499e-06	0.0008156550897085854	2.5358415631372974e-05	8.736883779877305e-06
Node_ice_MAG_1_ice_MAG_89_0	7.101121930863437e-06	0.9999398876898542	4.892249726092522e-06	1.0743431330468355e-05	2.341299566459295e-06	1.0665605612753692e-05	1.775959889121039e-05	6.6090030878918575e-06
Node_ISO_B136_3_MAG_1907QMI2_metabat2_bin.27_0	5.076039859993933e-07	0.9999305234662693	3.4917822295684226e-07	7.66944011179039e-07	2.4482020382618894e-07	7.467091011097216e-07	6.638956907598769e-05	4.717091296440893e-07
Node_Polaromonas_sp._RYN_574_GCA_028292045.1_ice_MAG_20_0	9.89290498839219e-05	0.9891191848249125	6.816336003432645e-05	0.000149685496897704	3.1575307098474046e-05	0.00014420549854426187	0.010296173699710748	9.208276291800533e-05
Polaromonas_sp._YR568_GCA_945860515.1	0.0	0.0	0.0	1.0	0.0	0.0	0.0	0.0
Polaromonas_sp._YR568_GCA_945896805.1	0.0	0.0	0.0	1.0	0.0	0.0	0.0	0.0
ISO_B505_3	0.0	1.0	0.0	0.0	0.0	0.0	0.0	0.0
ISO_N1999_2_4	0.0	1.0	0.0	0.0	0.0	0.0	0.0	0.0
Node_2021_ZJZB_W3_bin.50.purify_ice_MAG_51_0	4.0455292801773026e-05	0.9950350460782209	2.7874234431859136e-05	6.12113031818078e-05	1.2907975434956223e-05	0.0047166000712443295	6.824938157962717e-05	3.765566310465463e-05
Polaromonas_sp._LF_bin_444_GCA_014376885.1	0.0	1.0	0.0	0.0	0.0	0.0	0.0	0.0
ice_MAG_1	0.0	1.0	0.0	0.0	0.0	0.0	0.0	0.0
ice_MAG_89	0.0	1.0	0.0	0.0	0.0	0.0	0.0	0.0
Node_ISO_B136_3_Polaromonas_sp._Bin2_6_GCA_010365105.1_0	2.3647882653527865e-07	0.9999814442700602	1.6294106850930433e-07	3.578144756277537e-07	7.486684167463808e-08	3.4465704553816767e-07	1.715885248742636e-05	2.2011919444164703e-07
Node_ISO_B136_3_ice_MAG_37_0	5.249298637919974e-06	0.9999409895019081	3.6167578230258322e-06	7.942354778381963e-06	1.686369903873261e-06	7.65262113086266e-06	2.7977171021374962e-05	4.885924796391678e-06
Polaromonas_sp._RYN_574_GCA_028292045.1	0.0	0.0	0.0	0.0	0.0	0.0	1.0	0.0
Node_ice_MAG_20_ice_MAG_50_0	7.091244626582078e-06	0.9995057140131302	4.886011349300763e-06	1.0729577001323411e-05	2.2553539450447184e-06	1.0336011690191547e-05	0.00045238721243449274	6.600575823032582e-06
2021_ZJZB_W3_bin.50.purify	0.0	0.0	0.0	0.0	0.0	1.0	0.0	0.0
ice_MAG_51	0.0	1.0	0.0	0.0	0.0	0.0	0.0	0.0
Node_ISO_B136_3_Polaromonas_sp._RYN_562_GCA_028292345.1_0	1.5020056800409395e-06	0.999825484573713	1.0349299967481793e-06	2.272679445581164e-06	4.751368778650094e-07	2.18907297353424e-06	0.00016564350100946407	1.3981003036985745e-06
Node_Polaromonas_sp._Bin2_6_GCA_010365105.1_Polaromonas_sp._CG9_12_GCA_000751355.1_0	6.848267611591344e-08	0.9999993951920376	4.718676543818531e-08	1.0362091119927314e-07	2.166210850664529e-08	9.980881598846022e-08	2.0030147394713026e-07	6.374521107805768e-08
MAG_1907QMI2_metabat2_bin.27	0.0	1.0	0.0	0.0	0.0	0.0	0.0	0.0
ice_MAG_37	0.0	1.0	0.0	0.0	0.0	0.0	0.0	0.0
ice_MAG_20	0.0	1.0	0.0	0.0	0.0	0.0	0.0	0.0
ice_MAG_50	0.0	1.0	0.0	0.0	0.0	0.0	0.0	0.0
Node_ISO_B136_3_ISO_B443_1_0	5.51910021406379e-09	0.999999715908412	3.802837302088825e-09	8.350931982206842e-09	1.7458005268330652e-09	8.043713125796721e-09	2.514919028488772e-07	5.1373020435413385e-09
Polaromonas_sp._RYN_562_GCA_028292345.1	0.0	0.0	0.0	0.0	0.0	0.0	1.0	0.0
Polaromonas_sp._Bin2_6_GCA_010365105.1	0.0	1.0	0.0	0.0	0.0	0.0	0.0	0.0
Node_Polaromonas_sp._CG9_12_GCA_000751355.1_Polaromonas_sp._CG_23.6_GCA_029892315.1_0	5.040240805125249e-09	0.9999999622805124	3.4728881330949287e-09	7.626372079843912e-09	1.5942777481465688e-09	7.345804004003404e-09	7.948335496108109e-09	4.691569448392829e-09
Node_ISO_B443_1_ISO_DSP2_3_2.001_0	1.2640263665279164e-07	0.9999990615476836	8.709548521438908e-08	1.912594218254323e-07	3.998234828545581e-08	1.8422313735226307e-07	1.918308707926289e-07	1.176584162419097e-07
Node_ISO_B443_1_Polaromonas_glacialis_R3_9_GCA_000709345.1_0	2.5458020249122493e-08	0.9999997879883059	1.7541395339850174e-08	3.852044825666496e-08	8.052617735870378e-09	3.710331161724748e-08	6.163900327612571e-08	2.369689759782913e-08
Node_Polaromonas_sp._CG9_12_GCA_000751355.1_Polaromonas_sp._CG_9.11_GCA_015752225.1_0	2.945240785821938e-07	0.9999978255660714	2.029365700990365e-07	4.456434333925965e-07	9.316074613923299e-08	4.2924855992550507e-07	4.347709060123343e-07	2.741496344689237e-07
Node_Polaromonas_sp._CG_23.6_GCA_029892315.1_ice_MAG_119_0	1.0918705483135649e-08	0.999999919387299	7.523339522274395e-09	1.6521058051046875e-08	3.4536896136702194e-09	1.5913261243600166e-08	1.6119270692936694e-08	1.0163376561506817e-08
Node_ISO_B136_3_ISO_B141_3_0	1.6507261555314622e-08	0.9999998781207793	1.1374034537011177e-08	2.4977084219585215e-08	5.221402640001912e-09	2.405819682009834e-08	2.4375910700260663e-08	1.5365330207546255e-08
ISO_DSP2_3_2.001	0.0	1.0	0.0	0.0	0.0	0.0	0.0	0.0
Node_ISO_B443_1_ISO_B68_3_0	6.136517830676934e-08	0.9999995467023577	4.228258303695447e-08	9.28514533783202e-08	1.9410385167551415e-08	8.943552101153001e-08	9.083243360320318e-08	5.712008771177173e-08
Polaromonas_glacialis_R3_9_GCA_000709345.1	0.0	1.0	0.0	0.0	0.0	0.0	0.0	0.0
Polaromonas_sp._CG9_12_GCA_000751355.1	0.0	1.0	0.0	0.0	0.0	0.0	0.0	0.0
Polaromonas_sp._CG_9.11_GCA_015752225.1	0.0	1.0	0.0	0.0	0.0	0.0	0.0	0.0
Node_Polaromonas_sp._CG_23.6_GCA_029892315.1_Polaromonas_sp._CG_9.7_GCA_015752205.1_0	2.472293471043095e-07	0.9999981747687935	1.7034897781854366e-07	3.7408192773180357e-07	7.820097602122238e-08	3.6031974609236256e-07	3.6492359677676096e-07	2.3012663502846225e-07
Node_ice_MAG_119_ice_MAG_62_0	1.7899180110333808e-07	0.9999986785490314	1.233311122363969e-07	2.708319169595661e-07	5.661679614567048e-08	2.6086822248885796e-07	2.6420152669974056e-07	1.666095929469665e-07
Node_ISO_B136_3_ISO_B231_3_0	5.543924775649453e-09	0.9999999590706092	3.819942614807547e-09	8.388494697597887e-09	1.753595734166539e-09	8.079888536348713e-09	8.183134504661397e-09	5.160409831656725e-09
Node_ISO_B141_3_ISO_B485_1.001_0	1.908780981300079e-09	0.999999985907948	1.3152115347647463e-09	2.88817034654579e-09	6.037654408616745e-10	2.781916817657552e-09	2.8174706394846964e-09	1.7767362547278125e-09
Node_ISO_B443_1_ISO_B98_3_0	3.41706451439646e-08	0.9999997477228062	2.3544674367550286e-08	5.1703492959100754e-08	1.0808497587584067e-08	4.9801361878406865e-08	5.0441716987380217e-08	3.180680479818776e-08
ISO_B68_3	0.0	1.0	0.0	0.0	0.0	0.0	0.0	0.0
Polaromonas_sp._CG_23.6_GCA_029892315.1	0.0	1.0	0.0	0.0	0.0	0.0	0.0	0.0
Polaromonas_sp._CG_9.7_GCA_015752205.1	0.0	1.0	0.0	0.0	0.0	0.0	0.0	0.0
ice_MAG_119	0.0	1.0	0.0	0.0	0.0	0.0	0.0	0.0
ice_MAG_62	0.0	1.0	0.0	0.0	0.0	0.0	0.0	0.0
Node_ISO_B136_3_ISO_B224_1_0	1.632457523769886e-09	0.999999987947983	1.1248157783997487e-09	2.470066214163823e-09	5.163617230992774e-10	2.3791944094044837e-09	2.4095931682623967e-09	1.5195281675583793e-09
Node_ISO_B231_3_ISO_N1991_1_4_0	2.1865868300380144e-08	0.9999998385698785	1.5066287063862032e-08	3.308517480283186e-08	6.916380529505163e-09	3.186799708999499e-08	3.2275171827976255e-08	2.0353241849637892e-08
Node_ISO_B141_3_ISO_B44_0	3.095510684111437e-08	0.9999997714663509	2.1329064977156226e-08	4.6838072323924155e-08	9.791392470836326e-09	4.511493626420346e-08	4.569136684419406e-08	2.8813709447231423e-08
Node_ISO_B485_1.001_ISO_B485_2_0	6.597436599804261e-08	0.9999995129281051	4.545846171430237e-08	9.982560040907676e-08	2.0868314679612914e-08	9.615309462022756e-08	9.738163427657154e-08	6.141042324906638e-08
Node_ISO_B443_1_ISO_N1998_1_3_0	1.4256965704890682e-07	0.9999989474443745	9.82350826496943e-08	2.157216882606408e-07	4.509612820157064e-08	2.0778545601490107e-07	2.1044057110157842e-07	1.327070423398581e-07
ISO_B98_3	0.0	1.0	0.0	0.0	0.0	0.0	0.0	0.0
Node_ice_MAG_121_ice_MAG_197_0	3.3032931246121353e-09	0.9999999756126305	2.2760752871919098e-09	4.99820217296768e-09	1.0448627942169697e-09	4.814322222946429e-09	4.875834380891157e-09	3.074779512154474e-09
Node_ISO_B136_3_ice_MAG_121_0	1.471722289944392e-09	0.9999999891346502	1.0140640286487553e-09	2.226858250270705e-09	4.655196515033019e-10	2.144933876347058e-09	2.1723395017890347e-09	1.3699121979171689e-09
ISO_B231_3	0.0	1.0	0.0	0.0	0.0	0.0	0.0	0.0
Node_ISO_N1991_1_4_ISO_N1994_1_3_0	1.7352736651947222e-08	0.9999998718891772	1.1956594092231489e-08	2.62563698614795e-08	5.488834390860703e-09	2.5290418543227462e-08	2.5613551925227746e-08	1.6152317437310157e-08
ISO_B141_3	0.0	1.0	0.0	0.0	0.0	0.0	0.0	0.0
ISO_B44	0.0	1.0	0.0	0.0	0.0	0.0	0.0	0.0
ISO_B485_1.001	0.0	1.0	0.0	0.0	0.0	0.0	0.0	0.0
ISO_B485_2	0.0	1.0	0.0	0.0	0.0	0.0	0.0	0.0
ISO_B443_1	0.0	1.0	0.0	0.0	0.0	0.0	0.0	0.0
ISO_N1998_1_3	0.0	1.0	0.0	0.0	0.0	0.0	0.0	0.0
Node_ice_MAG_121_ice_MAG_76_0	4.562271126254672e-09	0.9999999663179174	3.1435516535205254e-09	6.903157726758293e-09	1.4430894192938391e-09	6.6491959513322605e-09	6.734152124296979e-09	4.246664543144022e-09
ice_MAG_197	0.0	1.0	0.0	0.0	0.0	0.0	0.0	0.0
Node_ISO_B136_3_ISO_B147_2_0	3.6255835314163553e-09	0.9999999732332429	2.498143751162162e-09	5.4858587480421776e-09	1.1468062919022746e-09	5.2840382939058256e-09	5.351551971429962e-09	3.3747746692363645e-09
ISO_B224_1	0.0	1.0	0.0	0.0	0.0	0.0	0.0	0.0
ISO_N1991_1_4	0.0	1.0	0.0	0.0	0.0	0.0	0.0	0.0
ISO_N1994_1_3	0.0	1.0	0.0	0.0	0.0	0.0	0.0	0.0
ice_MAG_121	0.0	1.0	0.0	0.0	0.0	0.0	0.0	0.0
ice_MAG_76	0.0	1.0	0.0	0.0	0.0	0.0	0.0	0.0
Node_ISO_B136_3_ISO_B231_2_0	3.5958920052140543e-09	0.9999999734524478	2.4776853339164918e-09	5.440932595507503e-09	1.1374145819140958e-09	5.240764939396689e-09	5.307725717198426e-09	3.347137129058288e-09
Node_ISO_B147_2_ISO_B412_3_0	4.318336036334663e-09	0.9999999681188279	2.9754725249354525e-09	6.534060328947308e-09	1.365930447913933e-09	6.293677358202191e-09	6.374091102381093e-09	4.019604276771303e-09
ISO_B136_3	0.0	1.0	0.0	0.0	0.0	0.0	0.0	0.0
ISO_B231_2	0.0	1.0	0.0	0.0	0.0	0.0	0.0	0.0
Node_ISO_B147_2_ISO_B468_1_0	3.5987765161783316e-10	0.9999999973431154	2.479672854815715e-10	5.445297139744337e-10	1.1383269799582257e-10	5.244968915463538e-10	5.311983407085786e-10	3.3498220967196383e-10
ISO_B412_3	0.0	1.0	0.0	0.0	0.0	0.0	0.0	0.0
ISO_B147_2	0.0	1.0	0.0	0.0	0.0	0.0	0.0	0.0
ISO_B468_1	0.0	1.0	0.0	0.0	0.0	0.0	0.0	0.0
